price,area,status,bhk,bathroom,location,price_label,area_label,bhk_label,bathroom_label
93.54,1346,Under Construction,3,2.0,Selaiyur,2,3,3,2
49.0,1028,Ready to move,2,2.0,Ambattur,1,2,2,2
42.28,588,Under Construction,2,1.0,Pallavaram,1,1,2,1
188.0,2221,Under Construction,3,3.0,Virugambakkam,3,5,3,3
240.0,1500,Ready to move,3,3.0,Anna Nagar,3,3,3,3
113.0,2343,Ready to move,4,4.0,Navallur,2,5,4,4
50.76,1045,Ready to move,2,2.0,Chromepet,1,2,2,2
57.5,920,Under Construction,2,1.0,Ambattur,1,2,2,1
42.28,588,Under Construction,2,1.0,Pallavaram,1,1,2,1
50.21,1152,Ready to move,2,3.0,Padur,1,3,2,3
47.04,920,Under Construction,2,2.0,Perumbakkam,1,2,2,2
43.44,932,Under Construction,2,2.0,Pammal,1,2,2,2
84.79,1220,Under Construction,3,3.0,Selaiyur,2,3,3,3
71.08,1021,Under Construction,2,1.0,Pallavaram,2,2,2,1
188.0,2221,Under Construction,3,3.0,Virugambakkam,3,5,3,3
66.44,923,Under Construction,2,2.0,Porur,1,2,2,2
644.0,3681,Under Construction,4,4.0,T Nagar,5,6,4,4
39.75,1205,Ready to move,3,2.0,Perumbakkam,1,3,3,2
79.92,1150,Under Construction,2,2.0,Selaiyur,2,3,2,2
71.65,1031,Under Construction,2,2.0,Selaiyur,2,2,2,2
115.0,1630,Under Construction,3,3.0,Selaiyur,2,4,3,3
62.7,1280,Under Construction,3,2.0,Madhavaram,1,3,3,2
94.51,1400,Under Construction,3,2.0,Pallavaram,2,3,3,2
62.7,1280,Under Construction,3,2.0,Madhavaram,1,3,3,2
188.0,2221,Under Construction,3,3.0,Virugambakkam,3,5,3,3
188.0,2221,Under Construction,3,3.0,Virugambakkam,3,5,3,3
62.6,1360,Under Construction,3,2.0,Perumbakkam,1,3,3,2
90.29,1962,Under Construction,3,3.0,Perumbakkam,2,4,3,3
138.0,2211,Under Construction,4,2.0,Mogappair,2,5,4,2
85.99,1470,Under Construction,3,2.0,Mogappair,2,3,3,2
61.48,1051,Under Construction,2,2.0,Mogappair,1,2,2,2
70.02,1197,Under Construction,2,2.0,Mogappair,2,3,2,2
51.38,1209,Under Construction,2,2.0,Mogappair,1,3,2,2
57.5,1353,Under Construction,3,2.0,Mogappair,1,3,3,2
70.38,1656,Under Construction,3,3.0,Mogappair,2,4,3,3
65.02,1530,Under Construction,3,3.0,Mogappair,1,3,3,3
59.33,1396,Under Construction,3,2.0,Mogappair,1,3,3,2
68.69,1494,Under Construction,3,2.0,Sholinganallur,2,3,3,2
68.69,1494,Under Construction,3,2.0,Sholinganallur,2,3,3,2
24.41,618,Under Construction,2,1.0,Perungalathur,1,1,2,1
78.1,1085,Under Construction,3,3.0,Porur,2,2,3,3
71.05,1579,Ready to move,3,3.0,Navallur,2,4,3,3
16.0,319,Under Construction,1,1.0,Thirumazhisai,1,1,1,1
15.36,300,Under Construction,1,1.0,Thirumazhisai,1,1,1,1
121.0,2583,Ready to move,4,2.0,Kanathur Reddikuppam,2,5,4,2
123.0,2635,Ready to move,4,4.0,Kanathur Reddikuppam,2,5,4,4
85.99,1865,Ready to move,3,3.0,Kanathur Reddikuppam,2,4,3,3
64.99,1274,Under Construction,2,2.0,Manapakkam,1,3,2,2
99.5,1914,Under Construction,3,3.0,Manapakkam,2,4,3,3
67.7,1328,Under Construction,2,2.0,Manapakkam,2,3,2,2
77.89,1528,Under Construction,3,2.0,Manapakkam,2,3,3,2
79.16,1616,Ready to move,3,2.0,Karapakkam,2,4,3,2
90.74,1396,Under Construction,3,2.0,Madipakkam,2,3,3,2
32.62,989,Ready to move,2,2.0,Perumbakkam,1,2,2,2
69.92,1470,Ready to move,3,3.0,Chromepet,2,3,3,3
44.64,919,Ready to move,2,2.0,Chromepet,1,2,2,2
59.98,1261,Ready to move,3,3.0,Chromepet,1,3,3,3
63.22,1329,Ready to move,3,3.0,Chromepet,1,3,3,3
56.98,1198,Ready to move,3,3.0,Chromepet,1,3,3,3
98.42,1550,Under Construction,3,3.0,Medavakkam,2,4,3,3
98.42,1550,Under Construction,3,3.0,Medavakkam,2,4,3,3
74.25,1114,Ready to move,2,2.0,Madipakkam,2,2,2,2
42.28,588,Under Construction,2,1.0,Pallavaram,1,1,2,1
42.28,588,Under Construction,2,1.0,Pallavaram,1,1,2,1
42.28,588,Under Construction,2,1.0,Pallavaram,1,1,2,1
71.08,1021,Under Construction,2,1.0,Pallavaram,2,2,2,1
71.08,1021,Under Construction,2,1.0,Pallavaram,2,2,2,1
94.51,1400,Under Construction,3,2.0,Pallavaram,2,3,3,2
94.51,1400,Under Construction,3,2.0,Pallavaram,2,3,3,2
62.7,1280,Under Construction,3,2.0,Madhavaram,1,3,3,2
62.7,1280,Under Construction,3,2.0,Madhavaram,1,3,3,2
50.21,1152,Ready to move,2,3.0,Padur,1,3,2,3
49.99,1147,Ready to move,2,1.0,Padur,1,3,2,1
49.99,1147,Ready to move,2,1.0,Padur,1,3,2,1
59.33,1361,Ready to move,2,1.0,Padur,1,3,2,1
59.33,1361,Ready to move,2,1.0,Padur,1,3,2,1
56.46,1295,Ready to move,2,1.0,Padur,1,3,2,1
56.46,1295,Ready to move,2,1.0,Padur,1,3,2,1
54.96,1261,Ready to move,2,1.0,Padur,1,3,2,1
54.96,1261,Ready to move,2,1.0,Padur,1,3,2,1
55.14,1265,Ready to move,2,3.0,Padur,1,3,2,3
55.14,1265,Ready to move,2,3.0,Padur,1,3,2,3
51.44,973,Under Construction,2,2.0,Perumbakkam,1,2,2,2
35.49,910,Under Construction,3,2.0,Chromepet,1,2,3,2
37.86,971,Under Construction,3,2.0,Chromepet,1,2,3,2
24.68,633,Under Construction,2,1.0,Chromepet,1,1,2,1
121.0,1790,Ready to move,3,2.0,Iyappanthangal,2,4,3,2
115.0,1700,Ready to move,3,3.0,Iyappanthangal,2,4,3,3
64.59,1244,Under Construction,3,3.0,Perumbakkam,1,3,3,3
59.08,1143,Under Construction,3,3.0,Perumbakkam,1,3,3,3
64.59,1244,Under Construction,3,3.0,Perumbakkam,1,3,3,3
64.59,1244,Under Construction,3,3.0,Perumbakkam,1,3,3,3
59.08,1143,Under Construction,3,3.0,Perumbakkam,1,3,3,3
59.08,1143,Under Construction,3,3.0,Perumbakkam,1,3,3,3
59.41,1150,Under Construction,3,3.0,Perumbakkam,1,3,3,3
59.41,1150,Under Construction,3,3.0,Perumbakkam,1,3,3,3
64.02,1246,Under Construction,3,3.0,Perumbakkam,1,3,3,3
64.02,1246,Under Construction,3,3.0,Perumbakkam,1,3,3,3
70.67,1155,Under Construction,3,3.0,Perumbakkam,2,3,3,3
70.67,1155,Under Construction,3,3.0,Perumbakkam,2,3,3,3
58.77,1124,Under Construction,3,3.0,Perumbakkam,1,2,3,3
58.77,1124,Under Construction,3,3.0,Perumbakkam,1,2,3,3
89.0,1414,Ready to move,3,3.0,Velappanchavadi,2,3,3,3
40.31,1222,Ready to move,3,2.0,Kelambakkam,1,3,3,2
44.89,1361,Ready to move,3,3.0,Kelambakkam,1,3,3,3
24.84,753,Ready to move,1,1.0,Kelambakkam,1,1,1,1
54.1,1002,Ready to move,2,2.0,Poonamallee,1,2,2,2
54.1,1002,Ready to move,2,2.0,Poonamallee,1,2,2,2
76.68,1420,Ready to move,3,3.0,Poonamallee,2,3,3,3
88.23,1634,Ready to move,3,3.0,Poonamallee,2,4,3,3
264.0,1500,Under Construction,3,3.0,Anna Nagar,3,3,3,3
250.0,1375,Ready to move,3,3.0,Anna Nagar,3,3,3,3
411.0,2230,Under Construction,4,4.0,Adyar,4,5,4,4
63.1,1242,Under Construction,2,2.0,Sholinganallur,1,3,2,2
63.1,1242,Under Construction,2,2.0,Sholinganallur,1,3,2,2
63.51,1250,Under Construction,2,2.0,Sholinganallur,1,3,2,2
63.3,1246,Under Construction,2,2.0,Sholinganallur,1,3,2,2
33.77,605,Under Construction,1,1.0,Sholinganallur,1,1,1,1
33.44,599,Under Construction,1,1.0,Sholinganallur,1,1,1,1
33.6,602,Under Construction,1,1.0,Sholinganallur,1,1,1,1
62.85,1237,Under Construction,2,2.0,Sholinganallur,1,3,2,2
70.2,1329,Under Construction,2,2.0,Sholinganallur,2,3,2,2
68.64,1351,Under Construction,2,2.0,Sholinganallur,2,3,2,2
80.23,1592,Under Construction,3,3.0,Sholinganallur,2,4,3,3
79.38,1575,Under Construction,3,2.0,Sholinganallur,2,4,3,2
63.96,1259,Under Construction,2,2.0,Sholinganallur,1,3,2,2
64.52,1270,Under Construction,2,2.0,Sholinganallur,1,3,2,2
40.0,1047,Ready to move,2,2.0,Vellakkal,1,2,2,2
42.43,943,Ready to move,2,2.0,Gerugambakkam,1,2,2,2
46.0,900,Ready to move,2,2.0,Avadi,1,2,2,2
65.0,1600,Under Construction,3,2.0,Kolathur,1,4,3,2
135.0,1415,Ready to move,3,3.0,Thiruvanmiyur,2,3,3,3
220.0,1500,Ready to move,3,2.0,Anna Nagar,3,3,3,2
370.0,3600,Ready to move,3,3.0,Periyar Nagar,4,6,3,3
72.0,1400,Ready to move,3,2.0,Thoraipakkam OMR,2,3,3,2
74.0,1100,Under Construction,3,3.0,Nanmangalam,2,2,3,3
45.0,909,Ready to move,2,2.0,Perumbakkam,1,2,2,2
54.0,893,Ready to move,2,2.0,Kolathur,1,2,2,2
140.0,1270,Ready to move,3,2.0,Thiruvanmiyur,2,3,3,2
72.0,1218,Under Construction,3,3.0,Sembakkam,2,3,3,3
65.0,919,Ready to move,2,2.0,Madipakkam,1,2,2,2
27.0,756,Ready to move,2,2.0,Anakaputhur,1,1,2,2
52.5,550,Ready to move,1,1.0,Urapakkam,1,1,1,1
63.0,1000,Ready to move,2,2.0,Kovur,1,2,2,2
54.0,1200,Ready to move,2,2.0,Medavakkam,1,3,2,2
163.0,1154,Ready to move,2,2.0,Nungambakkam,3,3,2,2
26.0,540,Ready to move,1,1.0,Maduravoyal,1,1,1,1
60.0,1066,Ready to move,2,2.0,Velachery,1,2,2,2
210.0,1381,Under Construction,3,3.0,Adyar,3,3,3,3
100.0,1735,Ready to move,3,3.0,Guduvancheri,2,4,3,3
30.5,770,Ready to move,2,2.0,Pammal,1,1,2,2
36.0,827,Ready to move,2,2.0,Urapakkam,1,2,2,2
82.0,1900,Ready to move,3,3.0,Kolapakkam,2,4,3,3
55.0,1050,Ready to move,1,2.0,Koyambedu,1,2,1,2
75.0,850,Under Construction,2,2.0,Korattur,2,2,2,2
165.0,2280,Ready to move,4,3.0,Iyyappanthangal,3,5,4,3
110.0,2740,Ready to move,4,2.0,Kilpauk,2,5,4,2
182.0,2640,Ready to move,4,4.0,Madhavaram Milk Colony,3,5,4,4
160.0,2700,Ready to move,4,3.0,Kolathur,3,5,4,3
220.0,1438,Ready to move,3,2.0,Jeth Nagar,3,3,3,2
53.0,850,Under Construction,2,2.0,Mangadu,1,2,2,2
53.0,850,Under Construction,2,2.0,Mangadu,1,2,2,2
50.0,905,Ready to move,2,2.0,Singaperumal Koil,1,2,2,2
325.0,1950,Ready to move,4,3.0,T Nagar,4,4,4,3
35.0,900,Ready to move,2,2.0,Thirumullaivoyal,1,2,2,2
28.0,502,Ready to move,1,1.0,Perungalathur,1,1,1,1
69.0,1071,Ready to move,2,2.0,Madhanandapuram,2,2,2,2
68.49,1343,Ready to move,3,4.0,Kandigai,2,3,3,4
77.0,1560,Ready to move,2,2.0,Navallur,2,4,2,2
32.0,612,Ready to move,2,2.0,Veppampattu,1,1,2,2
75.0,1456,Ready to move,3,3.0,Porur,2,3,3,3
230.0,2590,Ready to move,4,4.0,Kundrathur,3,5,4,4
41.0,600,Under Construction,2,2.0,Mangadu,1,1,2,2
45.0,1176,Under Construction,2,2.0,Guduvancheri,1,3,2,2
60.21,782,Under Construction,1,1.0,Saidapet,1,1,1,1
49.5,1000,Under Construction,2,2.0,Medavakkam,1,2,2,2
25.0,605,Ready to move,1,1.0,Thaiyur,1,1,1,1
45.0,670,Ready to move,2,2.0,Oragadam Village Ambattur Talu,1,1,2,2
19.59,540,Ready to move,1,2.0,Veppampattu,1,1,1,2
27.0,600,Under Construction,2,4.0,Siruseri,1,1,2,4
37.0,793,Under Construction,2,2.0,Pattabiram,1,1,2,2
65.0,1047,Ready to move,2,2.0,Perungalathur,1,2,2,2
165.0,3000,Ready to move,6,4.0,Madipakkam,3,5,5,4
59.6,450,Ready to move,1,1.0,T Nagar,1,1,1,1
38.0,825,Ready to move,2,2.0,Ambattur,1,2,2,2
15.0,540,Ready to move,2,1.0,Mahabalipuram,1,1,2,1
35.0,840,Ready to move,2,2.0,Kelambakkam,1,2,2,2
35.0,850,Ready to move,3,3.0,Ayapakkam,1,2,3,3
40.0,655,Ready to move,2,2.0,Chitlapakkam,1,1,2,2
48.5,1100,Ready to move,2,2.0,Guduvancheri,1,2,2,2
90.0,3408,Ready to move,5,5.0,Puzhal,2,5,5,5
100.0,1400,Ready to move,3,3.0,Washermanpet,2,3,3,3
90.0,3408,Ready to move,5,5.0,Puzhal,2,5,5,5
65.0,1273,Under Construction,3,3.0,Thiruverkadu,1,3,3,3
29.0,506,Ready to move,2,1.0,Mogappair,1,1,2,1
28.5,736,Ready to move,2,2.0,Pozhichalur,1,1,2,2
26.0,850,Ready to move,2,2.0,Veppampattu,1,2,2,2
45.0,950,Under Construction,2,2.0,Gerugambakkam,1,2,2,2
15.0,450,Ready to move,1,1.0,Mannur,1,1,1,1
46.0,820,Under Construction,2,2.0,Guduvancheri,1,1,2,2
30.0,960,Ready to move,2,2.0,Veppampattu,1,2,2,2
98.0,1253,Ready to move,3,2.0,Virugambakkam,2,3,3,2
38.0,510,Ready to move,1,1.0,West Mambalam,1,1,1,1
135.0,1950,Ready to move,3,3.0,Kattupakkam,2,4,3,3
72.0,1957,Ready to move,3,3.0,Maraimalai Nagar,2,4,3,3
40.0,1000,Under Construction,2,2.0,Kolathur,1,2,2,2
160.0,2300,Ready to move,4,4.0,Chetpet,3,5,4,4
137.0,1485,Ready to move,3,3.0,Perungudi,2,3,3,3
59.0,1430,Ready to move,3,2.0,Sithalapakkam,1,3,3,2
65.0,900,Ready to move,2,2.0,Ramapuram,1,2,2,2
65.0,900,Ready to move,2,2.0,Ramapuram,1,2,2,2
120.0,2400,Ready to move,5,4.0,Virugambakkam,2,5,5,4
45.0,917,Ready to move,2,2.0,Thiruverkadu,1,2,2,2
40.0,680,Ready to move,2,1.0,Alandur,1,1,2,1
30.0,950,Under Construction,2,2.0,Veppampattu,1,2,2,2
19.5,600,Under Construction,1,1.0,Red Hills,1,1,1,1
45.0,580,Ready to move,1,1.0,Siruseri,1,1,1,1
45.0,840,Ready to move,2,2.0,Singaperumal Koil,1,2,2,2
145.0,1125,Ready to move,3,2.0,K K Nagar,2,2,3,2
40.7,760,Under Construction,2,2.0,Kandigai,1,1,2,2
46.06,940,Ready to move,2,2.0,Iyyappanthangal,1,2,2,2
50.22,1025,Ready to move,2,2.0,Iyyappanthangal,1,2,2,2
43.61,890,Ready to move,2,2.0,Iyyappanthangal,1,2,2,2
39.93,815,Ready to move,2,2.0,Iyyappanthangal,1,1,2,2
50.47,1030,Ready to move,2,2.0,Iyyappanthangal,1,2,2,2
50.47,1030,Ready to move,2,2.0,Iyyappanthangal,1,2,2,2
42.23,862,Ready to move,2,2.0,Iyyappanthangal,1,2,2,2
250.0,1942,Ready to move,3,3.0,Purasawalkam,3,4,3,3
47.02,825,Ready to move,2,2.0,Ramavaram,1,2,2,2
47.02,825,Ready to move,2,2.0,Ramapuram,1,2,2,2
37.0,730,Ready to move,2,2.0,Gerugambakkam,1,1,2,2
55.99,1015,Ready to move,2,2.0,Gerugambakkam,1,2,2,2
54.75,1020,Ready to move,2,2.0,Kovur,1,2,2,2
39.15,1050,Ready to move,2,2.0,Gerugambakkam,1,2,2,2
58.58,1100,Ready to move,2,3.0,Gerugambakkam,1,2,2,3
54.22,1015,Ready to move,2,2.0,Gerugambakkam,1,2,2,2
44.19,878,Ready to move,2,2.0,Gerugambakkam,1,2,2,2
39.73,790,Ready to move,2,2.0,Gerugambakkam,1,1,2,2
38.58,819,Ready to move,2,2.0,Kovur,1,1,2,2
38.23,815,Ready to move,2,2.0,Kovur,1,1,2,2
41.0,874,Ready to move,2,3.0,Kovur,1,2,2,3
38.53,799,Ready to move,2,2.0,Kovur,1,1,2,2
24.0,1010,Under Construction,2,2.0,Veppampattu,1,2,2,2
800.0,5000,Ready to move,4,3.0,Shenoy Nagar,6,6,4,3
265.0,1650,Ready to move,3,3.0,Besant Nagar,3,4,3,3
47.02,825,Ready to move,2,2.0,Ramapuram,1,2,2,2
47.02,825,Ready to move,2,2.0,Ramapuram,1,2,2,2
79.8,1400,Ready to move,3,3.0,Ramavaram,2,3,3,3
56.0,1258,Ready to move,2,2.0,Sholinganallur,1,3,2,2
50.22,1025,Ready to move,3,3.0,Kolapakkam,1,2,3,3
390.0,4000,Ready to move,4,4.0,Saligramam,4,6,4,4
50.22,1025,Ready to move,3,3.0,Kolapakkam,1,2,3,3
40.42,825,Ready to move,2,2.0,Kolapakkam,1,2,2,2
54.0,1000,Ready to move,2,3.0,Kovur,1,2,2,3
110.0,974,Ready to move,2,2.0,Thiruvanmiyur,2,2,2,2
42.14,860,Ready to move,2,2.0,Kolapakkam,1,2,2,2
200.0,1844,Ready to move,3,3.0,Velachery,3,4,3,3
59.0,1096,Ready to move,3,2.0,Thiruverkadu,1,2,3,2
41.7,760,Under Construction,2,2.0,Kandigai,1,1,2,2
40.75,750,Under Construction,2,2.0,Kandigai,1,1,2,2
168.0,994,Under Construction,2,2.0,Royapettah,3,2,2,2
43.0,891,Ready to move,2,2.0,Thandalam,1,2,2,2
48.99,800,Under Construction,2,2.0,Kelambakkam,1,1,2,2
49.0,800,Under Construction,2,2.0,Kelambakkam,1,1,2,2
375.0,2200,Ready to move,4,4.0,Valasaravakkam,4,5,4,4
168.0,994,Ready to move,2,2.0,Royapettah,3,2,2,2
44.5,918,Ready to move,3,2.0,Padur,1,2,3,2
27.6,600,Under Construction,2,2.0,Semmancheri,1,1,2,2
27.6,600,Under Construction,2,2.0,Semmancheri,1,1,2,2
31.6,750,Under Construction,2,2.0,Ottiyabakkam,1,1,2,2
34.0,700,Under Construction,2,2.0,Semmancheri,1,1,2,2
550.0,4000,Ready to move,4,3.0,T Nagar,5,6,4,3
190.0,1550,Ready to move,3,3.0,Anna Nagar,3,4,3,3
550.0,4600,Ready to move,5,4.0,Anna Nagar,5,6,5,4
55.0,1000,Ready to move,2,2.0,Nanganallur,1,2,2,2
362.0,2133,Under Construction,2,2.0,T Nagar,4,4,2,2
35.0,620,Ready to move,1,1.0,Pallikaranai,1,1,1,1
350.0,4361,Ready to move,4,4.0,Muttukadu,4,6,4,4
44.5,918,Ready to move,3,2.0,Padur,1,2,3,2
38.5,800,Ready to move,2,2.0,Tharapakkam,1,1,2,2
420.0,1975,Ready to move,3,3.0,Egmore,4,4,3,3
427.0,3700,Under Construction,4,4.0,Kilpauk,4,6,4,4
99.0,1500,Under Construction,3,3.0,Iyyappanthangal,2,3,3,3
55.0,1000,Ready to move,2,3.0,Kovur,1,2,2,3
37.8,790,Ready to move,2,2.0,Gerugambakkam,1,1,2,2
44.0,938,Ready to move,2,2.0,Kovur,1,2,2,2
39.88,1040,Under Construction,3,2.0,Siruseri,1,2,3,2
185.0,1490,Ready to move,3,3.0,Kilpauk,3,3,3,3
130.0,1330,Ready to move,2,3.0,Chetpet,2,3,2,3
492.0,2889,Ready to move,3,3.0,Anna Nagar East,5,5,3,3
58.0,1318,Ready to move,3,3.0,Kattupakkam,1,3,3,3
236.0,1657,Ready to move,3,3.0,Egmore,3,4,3,3
147.0,1550,Ready to move,3,3.0,Ayanavaram,3,4,3,3
150.0,1350,Ready to move,3,3.0,Anna Nagar East,3,3,3,3
115.0,1150,Ready to move,2,2.0,Egmore,2,3,2,2
230.0,1440,Ready to move,3,3.0,Royapettah,3,3,3,3
110.0,1310,Ready to move,2,2.0,Ayanavaram,2,3,2,2
125.0,1765,Under Construction,3,3.0,Navallur,2,4,3,3
299.0,2000,Under Construction,3,3.0,Guindy,4,4,3,3
96.0,1900,Under Construction,3,3.0,Perungalathur,2,4,3,3
87.8,1541,Under Construction,3,3.0,Pallavaram,2,3,3,3
79.8,1400,Under Construction,3,3.0,Pallavaram,2,3,3,3
73.0,1737,Ready to move,3,3.0,Kelambakkam,2,4,3,3
18.49,520,Ready to move,1,2.0,Veppampattu,1,1,1,2
57.0,1075,Ready to move,2,2.0,Tharapakkam,1,2,2,2
54.0,950,Under Construction,2,2.0,Gerugambakkam,1,2,2,2
600.0,2300,Under Construction,3,3.0,Raja Annamalai Puram,5,5,3,3
385.0,2336,Ready to move,3,3.0,Royapettah,4,5,3,3
225.0,1950,Ready to move,3,3.0,Aminjikarai,3,4,3,3
393.0,2133,Under Construction,3,3.0,T Nagar,4,4,3,3
240.0,2028,Ready to move,3,3.0,Purasaiwakkam,3,4,3,3
277.0,2350,Ready to move,3,3.0,Purasaiwakkam,3,5,3,3
55.21,986,Ready to move,2,2.0,Kolathur,1,2,2,2
55.21,986,Ready to move,2,2.0,Kolathur,1,2,2,2
36.42,710,Ready to move,1,2.0,Kovur,1,1,1,2
35.26,619,Ready to move,1,1.0,Kovur,1,1,1,1
35.52,629,Ready to move,1,2.0,Kovur,1,1,1,2
72.0,1517,Ready to move,3,3.0,Periyapanicheri,2,3,3,3
55.0,1020,Ready to move,2,2.0,Kovur,1,2,2,2
28.0,650,Under Construction,2,2.0,Kattankulathur,1,1,2,2
79.0,1440,Under Construction,3,3.0,Ambattur,2,3,3,3
110.0,2009,Under Construction,3,3.0,Kotivakkam,2,4,3,3
44.0,1012,Ready to move,2,2.0,Kumananchavadi,1,2,2,2
82.0,1750,Ready to move,3,3.0,Kolapakkam,2,4,3,3
70.0,1499,Ready to move,3,3.0,Mogappair,2,3,3,3
165.0,1500,Ready to move,3,3.0,Alandur,3,3,3,3
36.0,900,Under Construction,2,3.0,Veppampattu,1,2,2,3
24.0,1100,Under Construction,2,2.0,Veppampattu,1,2,2,2
26.0,720,Ready to move,2,2.0,Veppampattu,1,1,2,2
34.0,1150,Under Construction,2,2.0,Perumalpattu,1,3,2,2
26.0,720,Ready to move,2,2.0,Veppampattu,1,1,2,2
26.0,720,Ready to move,2,2.0,Veppampattu,1,1,2,2
36.0,835,Under Construction,2,2.0,Veppampattu,1,2,2,2
32.0,1000,Ready to move,2,2.0,Veppampattu,1,2,2,2
60.0,782,Ready to move,2,2.0,Mogappair,1,1,2,2
76.0,1028,Ready to move,2,2.0,Velachery,2,2,2,2
325.0,1710,Ready to move,3,3.0,Nungambakkam,4,4,3,3
26.0,1255,Under Construction,2,2.0,Veppampattu,1,3,2,2
17.0,752,Ready to move,1,2.0,Veppampattu,1,1,1,2
24.0,1100,Under Construction,2,2.0,Veppampattu,1,2,2,2
16.0,681,Ready to move,1,2.0,Veppampattu,1,1,1,2
34.0,901,Ready to move,2,2.0,Perumalpattu,1,2,2,2
17.0,751,Ready to move,1,2.0,Veppampattu,1,1,1,2
34.0,1150,Ready to move,2,2.0,Perumalpattu,1,3,2,2
165.0,1541,Under Construction,3,3.0,Nanganallur,3,3,3,3
30.0,1500,Under Construction,2,2.0,Veppampattu,1,3,2,2
22.0,1010,Under Construction,1,2.0,Veppampattu,1,2,1,2
22.0,1010,Under Construction,1,2.0,Veppampattu,1,2,1,2
28.0,800,Under Construction,2,2.0,Veppampattu,1,1,2,2
30.0,1500,Under Construction,2,2.0,Veppampattu,1,3,2,2
43.0,550,Ready to move,2,2.0,Ayapakkam,1,1,2,2
62.0,1295,Ready to move,2,2.0,Siruseri,1,3,2,2
115.0,1238,Ready to move,3,3.0,Kodambakkam,2,3,3,3
140.0,2200,Ready to move,6,4.0,Kolathur,2,5,5,4
17.0,750,Ready to move,1,2.0,Veppampattu,1,1,1,2
17.0,750,Ready to move,1,2.0,Veppampattu,1,1,1,2
22.0,1010,Under Construction,1,2.0,Veppampattu,1,2,1,2
17.0,751,Ready to move,1,2.0,Veppampattu,1,1,1,2
24.0,1250,Under Construction,2,2.0,Veppampattu,1,3,2,2
24.0,1250,Under Construction,2,2.0,Veppampattu,1,3,2,2
21.5,1020,Under Construction,1,2.0,Veppampattu,1,2,1,2
35.0,808,Ready to move,2,2.0,Kovur,1,1,2,2
22.0,601,Under Construction,1,2.0,Veppampattu,1,1,1,2
35.0,1500,Ready to move,1,1.0,Sevvapet,1,3,1,1
35.0,810,Ready to move,2,2.0,Kovur,1,1,2,2
16.5,750,Ready to move,1,2.0,Veppampattu,1,1,1,2
29.5,1500,Under Construction,2,2.0,Veppampattu,1,3,2,2
26.0,1250,Under Construction,2,2.0,Veppampattu,1,3,2,2
40.0,652,Ready to move,2,2.0,Maraimalai Nagar,1,1,2,2
45.0,1112,Ready to move,2,2.0,Guduvancheri,1,2,2,2
30.0,690,Ready to move,2,2.0,Chromepet,1,1,2,2
36.0,902,Ready to move,2,2.0,Veppampattu,1,2,2,2
40.0,1000,Ready to move,2,2.0,Veppampattu,1,2,2,2
35.0,850,Ready to move,2,2.0,Veppampattu,1,2,2,2
36.0,900,Ready to move,2,2.0,Veppampattu,1,2,2,2
140.0,2200,Ready to move,5,3.0,Chromepet,2,5,5,3
62.0,1250,Ready to move,2,2.0,tambaram west,1,3,2,2
19.0,1090,Under Construction,1,2.0,Veppampattu,1,2,1,2
34.0,1151,Ready to move,2,2.0,Perumalpattu,1,3,2,2
34.0,1151,Ready to move,2,2.0,Veppampattu,1,3,2,2
28.0,801,Under Construction,2,2.0,Veppampattu,1,1,2,2
30.0,820,Ready to move,2,2.0,Veppampattu,1,1,2,2
24.0,1200,Under Construction,2,2.0,Veppampattu,1,3,2,2
35.0,810,Ready to move,2,2.0,Kovur,1,1,2,2
16.5,680,Ready to move,1,2.0,Veppampattu,1,1,1,2
21.9,600,Under Construction,1,2.0,Veppampattu,1,1,1,2
40.0,904,Ready to move,2,2.0,Kovilambakkam,1,2,2,2
210.0,1400,Ready to move,1,2.0,Raja Annamalai Puram,3,3,1,2
525.0,3170,Ready to move,3,4.0,Raja Annamalai Puram,5,5,3,4
150.0,2440,Under Construction,4,5.0,Madipakkam,3,5,4,5
22.0,600,Under Construction,1,2.0,Veppampattu,1,1,1,2
52.08,840,Ready to move,2,2.0,Perungudi,1,2,2,2
43.0,799,Ready to move,2,2.0,Rajakilpakkam,1,1,2,2
16.0,500,Ready to move,1,1.0,Veppampattu,1,1,1,1
45.0,1200,Under Construction,3,2.0,Veppampattu,1,3,3,2
34.0,1150,Under Construction,2,2.0,Veppampattu,1,3,2,2
29.0,1500,Under Construction,2,2.0,Veppampattu,1,3,2,2
37.0,1136,Under Construction,2,2.0,Veppampattu,1,2,2,2
27.0,750,Ready to move,2,2.0,Veppampattu,1,1,2,2
35.0,808,Ready to move,2,2.0,Kovur,1,1,2,2
28.0,1375,Under Construction,2,2.0,Veppampattu,1,3,2,2
350.0,3300,Ready to move,3,6.0,Aminjikarai,4,5,3,6
65.0,1600,Ready to move,2,2.0,Veppampattu,1,4,2,2
130.0,2020,Ready to move,3,2.0,Ayapakkam,2,4,3,2
62.0,950,Ready to move,3,2.0,Villivakkam,1,2,3,2
200.0,1345,Ready to move,2,1.0,Tiruvottiyur,3,3,2,1
42.0,1330,Ready to move,4,2.0,Urapakkam,1,3,4,2
26.0,1205,Under Construction,2,2.0,Veppampattu,1,3,2,2
26.0,720,Ready to move,2,2.0,Veppampattu,1,1,2,2
30.0,820,Ready to move,2,2.0,Veppampattu,1,1,2,2
35.0,808,Ready to move,2,2.0,Kovur,1,1,2,2
22.95,600,Ready to move,1,2.0,Veppampattu,1,1,1,2
17.9,601,Ready to move,1,2.0,Veppampattu,1,1,1,2
24.0,600,Ready to move,2,2.0,Veppampattu,1,1,2,2
18.25,600,Ready to move,1,2.0,Veppampattu,1,1,1,2
82.0,1450,Ready to move,2,2.0,Chromepet,2,3,2,2
39.5,930,Ready to move,2,2.0,Kattupakkam,1,2,2,2
18.0,500,Under Construction,1,1.0,Chengalpattu,1,1,1,1
39.0,800,Under Construction,2,2.0,Semmancheri,1,1,2,2
24.0,650,Ready to move,2,2.0,Kattankulathur,1,1,2,2
27.5,800,Ready to move,2,1.0,Kattankulathur,1,1,2,1
28.5,900,Ready to move,1,1.0,Kattankulathur,1,2,1,1
28.0,850,Ready to move,1,1.0,Kattankulathur,1,2,1,1
25.5,700,Ready to move,1,1.0,Kattankulathur,1,1,1,1
54.0,950,Under Construction,2,2.0,Cholambedu,1,2,2,2
65.0,1100,Under Construction,3,2.0,Thirumullaivoyal,1,2,3,2
674.0,3135,Ready to move,3,3.0,Royapettah,5,5,3,3
481.0,2291,Ready to move,3,3.0,Alwarpet,5,5,3,3
417.0,1989,Ready to move,3,3.0,Alwarpet,4,4,3,3
29.0,500,Ready to move,1,1.0,West Mambalam,1,1,1,1
90.0,1390,Ready to move,3,3.0,Nesapakkam,2,3,3,3
76.5,1150,Ready to move,2,2.0,Ramapuram,2,3,2,2
171.0,1495,Ready to move,3,3.0,Thiruvanmiyur,3,3,3,3
115.0,1008,Ready to move,2,2.0,Thiruvanmiyur,2,2,2,2
150.0,1750,Ready to move,3,2.0,Korattur,3,4,3,2
25.9,700,Ready to move,2,2.0,Veppampattu,1,1,2,2
22.8,600,Ready to move,1,2.0,Veppampattu,1,1,1,2
26.9,704,Ready to move,2,2.0,Veppampattu,1,1,2,2
37.0,1300,Ready to move,2,2.0,Veppampattu,1,3,2,2
35.0,1180,Ready to move,2,2.0,Veppampattu,1,3,2,2
275.0,4725,Ready to move,5,7.0,Madipakkam,3,6,5,6
29.0,982,Under Construction,2,2.0,Guduvancheri,1,2,2,2
42.0,738,Ready to move,2,2.0,Valasaravakkam,1,1,2,2
25.0,820,Ready to move,2,1.0,Padapai,1,1,2,1
33.51,588,Under Construction,1,1.0,Vanagaram,1,1,1,1
60.27,1013,Under Construction,2,2.0,Vanagaram,1,2,2,2
220.0,3000,Ready to move,3,3.0,Neelankarai,3,5,3,3
110.0,1850,Ready to move,3,3.0,Perumbakkam,2,4,3,3
170.0,2200,Ready to move,4,3.0,Thoraipakkam OMR,3,5,4,3
164.0,2000,Ready to move,4,3.0,Kotivakkam,3,4,4,3
110.0,1851,Ready to move,3,3.0,Medavakkam,2,4,3,3
110.0,1852,Ready to move,3,3.0,Perumbakkam,2,4,3,3
165.0,2210,Ready to move,4,3.0,Kotivakkam,3,5,4,3
73.0,1152,Ready to move,2,2.0,Perungudi,2,3,2,2
111.0,1852,Ready to move,3,3.0,Perumbakkam,2,4,3,3
75.0,1152,Ready to move,2,2.0,Perungudi,2,3,2,2
55.0,820,Ready to move,2,2.0,Perungudi,1,1,2,2
115.0,1850,Ready to move,3,3.0,Perumbakkam,2,4,3,3
49.0,1100,Ready to move,2,2.0,Guduvancheri,1,2,2,2
137.0,1638,Under Construction,3,3.0,Perungudi,2,4,3,3
101.0,1188,Under Construction,2,2.0,Perungudi,2,3,2,2
51.37,598,Under Construction,1,1.0,Perungudi,1,1,1,1
70.0,1027,Ready to move,2,2.0,Vadanemmeli,2,2,2,2
70.0,1027,Ready to move,2,2.0,Vadanemmeli,2,2,2,2
70.0,1027,Ready to move,2,2.0,Vadanemmeli,2,2,2,2
70.0,1027,Ready to move,2,2.0,Vadanemmeli,2,2,2,2
70.0,1027,Ready to move,2,2.0,Vadanemmeli,2,2,2,2
70.0,1027,Ready to move,2,2.0,Vadanemmeli,2,2,2,2
70.0,1027,Ready to move,2,2.0,Vadanemmeli,2,2,2,2
70.0,1027,Ready to move,2,2.0,Vadanemmeli,2,2,2,2
70.0,1027,Ready to move,2,2.0,Vadanemmeli,2,2,2,2
70.0,1027,Ready to move,2,2.0,Vadanemmeli,2,2,2,2
70.0,1027,Ready to move,2,2.0,Vadanemmeli,2,2,2,2
70.0,1027,Ready to move,2,2.0,Vadanemmeli,2,2,2,2
70.0,1027,Ready to move,2,2.0,Vadanemmeli,2,2,2,2
70.0,1027,Ready to move,2,2.0,Vadanemmeli,2,2,2,2
70.0,1027,Ready to move,2,2.0,Vadanemmeli,2,2,2,2
70.0,1027,Ready to move,2,2.0,Vadanemmeli,2,2,2,2
70.0,1027,Ready to move,2,2.0,Vadanemmeli,2,2,2,2
70.0,1027,Ready to move,2,2.0,Vadanemmeli,2,2,2,2
70.0,1027,Ready to move,2,2.0,Vadanemmeli,2,2,2,2
70.0,1027,Ready to move,2,2.0,Vadanemmeli,2,2,2,2
70.0,1027,Ready to move,2,2.0,Vadanemmeli,2,2,2,2
70.0,1027,Ready to move,2,2.0,Vadanemmeli,2,2,2,2
70.0,1027,Ready to move,2,2.0,Vadanemmeli,2,2,2,2
70.0,1027,Ready to move,2,2.0,Vadanemmeli,2,2,2,2
70.0,1027,Ready to move,2,2.0,Vadanemmeli,2,2,2,2
70.0,1027,Ready to move,2,2.0,Vadanemmeli,2,2,2,2
23.25,611,Ready to move,1,2.0,Kumaran Nagar,1,1,1,2
39.15,870,Ready to move,2,2.0,Iyyappanthangal,1,2,2,2
53.0,1022,Ready to move,2,2.0,Kotivakkam,1,2,2,2
325.0,2411,Ready to move,4,4.0,Adyar,4,5,4,4
400.0,1987,Ready to move,3,3.0,T Nagar,4,4,3,3
400.0,1987,Ready to move,3,3.0,T Nagar,4,4,3,3
71.55,1376,Under Construction,3,3.0,Iyyappanthangal,2,3,3,3
107.0,1306,Ready to move,2,2.0,Velachery,2,3,2,2
240.0,1484,Ready to move,3,3.0,T Nagar,3,3,3,3
42.0,1100,Ready to move,2,2.0,Urapakkam,1,2,2,2
90.0,1000,Ready to move,3,3.0,Ashok Nagar,2,2,3,3
245.0,1401,Ready to move,3,3.0,T Nagar,3,3,3,3
138.0,1380,Ready to move,3,3.0,Perungudi,2,3,3,3
120.0,1200,Ready to move,3,3.0,Perungudi,2,3,3,3
120.0,1200,Ready to move,3,3.0,Perungudi,2,3,3,3
130.0,1308,Ready to move,3,3.0,Perungudi,2,3,3,3
125.0,1250,Ready to move,3,3.0,Perungudi,2,3,3,3
104.0,1044,Ready to move,2,2.0,Perungudi,2,2,2,2
106.0,1060,Ready to move,2,2.0,Perungudi,2,2,2,2
106.0,1062,Ready to move,2,2.0,Perungudi,2,2,2,2
137.0,1370,Ready to move,3,3.0,Perungudi,2,3,3,3
126.0,1264,Ready to move,3,3.0,Perungudi,2,3,3,3
106.0,1065,Ready to move,2,2.0,Perungudi,2,2,2,2
106.0,1060,Ready to move,2,2.0,Perungudi,2,2,2,2
137.0,1370,Ready to move,3,3.0,Perungudi,2,3,3,3
130.0,1308,Ready to move,3,3.0,Perungudi,2,3,3,3
130.0,1308,Ready to move,3,3.0,Perungudi,2,3,3,3
120.0,1200,Ready to move,3,3.0,Perungudi,2,3,3,3
104.0,1044,Ready to move,2,2.0,Perungudi,2,2,2,2
120.0,1200,Ready to move,3,3.0,Perungudi,2,3,3,3
138.0,1380,Ready to move,3,3.0,Perungudi,2,3,3,3
126.0,1264,Ready to move,3,3.0,Perungudi,2,3,3,3
125.0,1250,Ready to move,3,3.0,Perungudi,2,3,3,3
125.0,1250,Ready to move,3,3.0,Perungudi,2,3,3,3
137.0,1370,Ready to move,3,3.0,Perungudi,2,3,3,3
138.0,1380,Ready to move,3,3.0,Perungudi,2,3,3,3
130.0,1308,Ready to move,3,3.0,Perungudi,2,3,3,3
47.0,509,Ready to move,1,1.0,Adambakam,1,1,1,1
52.9,804,Ready to move,2,2.0,Kovilambakkam,1,1,2,2
82.0,960,Ready to move,2,2.0,Adambakam,2,2,2,2
77.8,890,Ready to move,2,2.0,Adambakam,2,2,2,2
70.0,950,Ready to move,2,2.0,Kolathur,2,2,2,2
56.0,1000,Ready to move,2,2.0,Perambur,1,2,2,2
51.7,940,Ready to move,2,2.0,Keelkattalai,1,2,2,2
398.0,2650,Ready to move,5,5.0,West Mambalam,4,5,5,5
398.0,2650,Ready to move,5,5.0,West Mambalam,4,5,5,5
398.0,2650,Ready to move,5,5.0,West Mambalam,4,5,5,5
94.5,1350,Ready to move,3,3.0,Kolapakkam,2,3,3,3
88.0,1482,Ready to move,3,3.0,Vadanemmeli,2,3,3,3
398.0,2650,Ready to move,5,5.0,West Mambalam,4,5,5,5
398.0,2650,Ready to move,5,5.0,West Mambalam,4,5,5,5
398.0,2650,Ready to move,5,5.0,West Mambalam,4,5,5,5
398.0,2650,Ready to move,5,5.0,West Mambalam,4,5,5,5
398.0,2650,Ready to move,5,5.0,West Mambalam,4,5,5,5
398.0,2650,Ready to move,5,5.0,West Mambalam,4,5,5,5
398.0,2650,Ready to move,5,5.0,West Mambalam,4,5,5,5
398.0,2650,Ready to move,5,5.0,West Mambalam,4,5,5,5
398.0,2650,Ready to move,5,5.0,West Mambalam,4,5,5,5
398.0,2650,Ready to move,5,5.0,West Mambalam,4,5,5,5
398.0,2650,Ready to move,5,5.0,West Mambalam,4,5,5,5
398.0,2650,Ready to move,5,5.0,West Mambalam,4,5,5,5
398.0,2650,Ready to move,5,5.0,West Mambalam,4,5,5,5
398.0,2650,Ready to move,5,5.0,West Mambalam,4,5,5,5
398.0,2650,Ready to move,5,5.0,West Mambalam,4,5,5,5
398.0,2650,Ready to move,5,5.0,West Mambalam,4,5,5,5
398.0,2650,Ready to move,5,5.0,West Mambalam,4,5,5,5
398.0,2650,Ready to move,5,5.0,West Mambalam,4,5,5,5
398.0,2650,Ready to move,5,5.0,West Mambalam,4,5,5,5
398.0,2650,Ready to move,5,5.0,West Mambalam,4,5,5,5
398.0,2650,Ready to move,5,5.0,West Mambalam,4,5,5,5
398.0,2650,Ready to move,5,5.0,West Mambalam,4,5,5,5
398.0,2650,Ready to move,5,5.0,West Mambalam,4,5,5,5
398.0,2650,Ready to move,5,5.0,West Mambalam,4,5,5,5
398.0,2650,Ready to move,5,5.0,West Mambalam,4,5,5,5
398.0,2650,Ready to move,5,5.0,West Mambalam,4,5,5,5
398.0,2650,Ready to move,5,5.0,West Mambalam,4,5,5,5
398.0,2650,Ready to move,5,5.0,West Mambalam,4,5,5,5
398.0,2650,Ready to move,5,5.0,West Mambalam,4,5,5,5
398.0,2650,Ready to move,5,5.0,West Mambalam,4,5,5,5
398.0,2650,Ready to move,5,5.0,West Mambalam,4,5,5,5
398.0,2650,Ready to move,5,5.0,West Mambalam,4,5,5,5
398.0,2650,Ready to move,5,5.0,West Mambalam,4,5,5,5
398.0,2650,Ready to move,5,5.0,West Mambalam,4,5,5,5
398.0,2650,Ready to move,5,5.0,West Mambalam,4,5,5,5
398.0,2650,Ready to move,5,5.0,West Mambalam,4,5,5,5
398.0,2650,Ready to move,5,5.0,West Mambalam,4,5,5,5
75.0,1200,Ready to move,3,2.0,Perungudi,2,3,3,2
94.5,1350,Ready to move,3,3.0,Kolapakkam,2,3,3,3
88.0,1482,Ready to move,3,3.0,Vadanemmeli,2,3,3,3
150.0,1750,Ready to move,2,1.0,Kodungaiyur West,3,4,2,1
126.0,1700,Ready to move,3,2.0,Kolathur,2,4,3,2
108.0,1065,Ready to move,2,2.0,Porur,2,2,2,2
108.0,1065,Ready to move,2,2.0,Porur,2,2,2,2
40.44,834,Under Construction,2,2.0,Ambattur,1,2,2,2
36.36,627,Ready to move,1,1.0,Korattur,1,1,1,1
55.21,952,Ready to move,2,2.0,Korattur,1,2,2,2
64.32,960,Ready to move,2,2.0,Periyar Nagar,1,2,2,2
59.17,1220,Under Construction,2,2.0,Ambattur,1,3,2,2
59.17,1220,Under Construction,2,2.0,Ambattur,1,3,2,2
37.34,770,Under Construction,2,2.0,Ambattur,1,1,2,2
25.99,703,Ready to move,2,2.0,Veppampattu,1,1,2,2
38.0,900,Ready to move,2,2.0,Pallikaranai,1,2,2,2
56.0,920,Ready to move,2,2.0,Kodambakkam,1,2,2,2
500.0,3000,Ready to move,4,4.0,Shenoy Nagar,5,5,4,4
83.0,645,Under Construction,2,2.0,Royapettah,2,1,2,2
83.0,645,Under Construction,2,2.0,Royapettah,2,1,2,2
100.0,1343,Ready to move,2,1.0,Virugambakkam,2,3,2,1
109.0,900,Ready to move,2,2.0,Alwarpet,2,2,2,2
49.5,947,Ready to move,2,2.0,Thiruverkadu,1,2,2,2
38.0,625,Under Construction,2,1.0,Guindy,1,1,2,1
38.0,625,Under Construction,2,1.0,Guindy,1,1,2,1
38.0,625,Under Construction,2,1.0,Guindy,1,1,2,1
38.0,625,Under Construction,2,1.0,Guindy,1,1,2,1
38.0,625,Under Construction,2,1.0,Guindy,1,1,2,1
38.0,625,Under Construction,2,1.0,Guindy,1,1,2,1
19.49,520,Ready to move,1,2.0,Veppampattu,1,1,1,2
108.0,1065,Ready to move,2,2.0,Porur,2,2,2,2
59.5,700,Ready to move,2,2.0,Padi,1,1,2,2
59.5,700,Ready to move,2,2.0,Mogappair East,1,1,2,2
59.0,759,Ready to move,2,2.0,Nesapakkam,1,1,2,2
62.44,905,Under Construction,2,2.0,Nanmangalam,1,2,2,2
1050.0,4200,Ready to move,6,6.0,T Nagar,6,6,5,6
60.0,1400,Ready to move,3,3.0,Perungalathur,1,3,3,3
112.0,1800,Under Construction,3,3.0,Ambattur,2,4,3,3
112.0,1800,Under Construction,3,3.0,Ambattur,2,4,3,3
112.0,1800,Under Construction,3,3.0,Ambattur,2,4,3,3
39.0,750,Ready to move,2,2.0,Elandanur,1,1,2,2
39.0,750,Ready to move,2,2.0,Elandanur,1,1,2,2
123.0,1650,Under Construction,3,3.0,Chromepet,2,4,3,3
49.0,600,Ready to move,1,1.0,West Mambalam,1,1,1,1
78.6,779,Under Construction,2,2.0,Pazavanthangal,2,1,2,2
42.0,520,Ready to move,1,1.0,Adambakam,1,1,1,1
82.0,1000,Ready to move,2,2.0,Adambakam,2,2,2,2
75.6,770,Under Construction,2,2.0,Pallavaram,2,1,2,2
75.0,925,Ready to move,2,2.0,Kolathur,2,2,2,2
30.5,620,Ready to move,2,2.0,Pammal,1,1,2,2
22.0,500,Ready to move,1,1.0,Pammal,1,1,1,1
38.78,808,Ready to move,2,2.0,Pammal,1,1,2,2
25.68,535,Ready to move,1,1.0,Pammal,1,1,1,1
44.78,933,Ready to move,3,3.0,Pammal,1,2,3,3
37.35,770,Under Construction,2,2.0,Ambattur,1,1,2,2
40.44,834,Under Construction,2,2.0,Ambattur,1,2,2,2
37.0,677,Ready to move,2,1.0,Perambur,1,1,2,1
35.0,620,Ready to move,1,1.0,Pallikaranai,1,1,1,1
105.0,1385,Ready to move,3,2.0,Nanganallur,2,3,3,2
105.0,1385,Ready to move,3,3.0,Nanganallur,2,3,3,3
34.5,1170,Ready to move,2,2.0,Veppampattu,1,3,2,2
36.0,1300,Ready to move,2,2.0,Veppampattu,1,3,2,2
32.5,990,Ready to move,2,2.0,Veppampattu,1,2,2,2
25.0,620,Ready to move,2,2.0,Veppampattu,1,1,2,2
26.5,680,Ready to move,2,2.0,Veppampattu,1,1,2,2
29.5,850,Ready to move,2,2.0,Veppampattu,1,2,2,2
22.5,600,Ready to move,1,2.0,Veppampattu,1,1,1,2
22.5,630,Ready to move,2,2.0,Veppampattu,1,1,2,2
16.5,550,Ready to move,1,2.0,Veppampattu,1,1,1,2
99.9,1350,Ready to move,3,3.0,Kolapakkam,2,3,3,3
398.0,2650,Ready to move,5,5.0,West Mambalam,4,5,5,5
30.0,780,Ready to move,2,2.0,Ayapakkam,1,1,2,2
107.0,1350,Ready to move,3,2.0,Kolapakkam,2,3,3,2
63.62,823,Under Construction,2,2.0,Alandur,1,2,2,2
63.62,823,Under Construction,2,2.0,Alandur,1,2,2,2
64.9,823,Under Construction,2,2.0,Alandur,1,2,2,2
41.52,865,Under Construction,2,2.0,Perumbakkam,1,2,2,2
51.06,740,Under Construction,2,2.0,Madipakkam,1,1,2,2
79.0,894,Ready to move,2,2.0,Thiruvanmiyur,2,2,2,2
108.0,1065,Ready to move,2,2.0,Porur,2,2,2,2
42.19,870,Under Construction,2,2.0,Ambattur,1,2,2,2
37.34,770,Under Construction,2,2.0,Ambattur,1,1,2,2
41.12,848,Under Construction,2,2.0,Ambattur,1,2,2,2
52.0,780,Ready to move,2,2.0,Kovilambakkam,1,1,2,2
400.0,4800,Ready to move,4,3.0,Sholinganallur,4,6,4,3
26.0,800,Ready to move,2,2.0,Thiruporur,1,1,2,2
20.0,600,Ready to move,2,2.0,Thiruporur,1,1,2,2
16.71,490,Ready to move,1,1.0,Thiruporur,1,1,1,1
87.27,1247,Under Construction,2,2.0,Perungudi,2,3,2,2
45.0,970,Ready to move,2,2.0,Pallikaranai,1,2,2,2
71.51,1069,Under Construction,2,2.0,Mogappair,2,2,2,2
190.0,1500,Ready to move,3,3.0,Anna Nagar,3,3,3,3
57.79,1051,Under Construction,2,2.0,Vanagaram,1,2,2,2
46.0,914,Ready to move,2,2.0,Kovur,1,2,2,2
73.0,1400,Under Construction,3,3.0,Kovur,2,3,3,3
72.0,1500,Ready to move,3,3.0,Poonamallee,2,3,3,3
34.0,600,Under Construction,2,2.0,Vanagaram,1,1,2,2
57.74,1013,Under Construction,2,2.0,Vanagaram,1,2,2,2
54.64,1051,Under Construction,2,2.0,Vanagaram,1,2,2,2
120.0,1723,Under Construction,3,3.0,Perungudi,2,4,3,3
125.0,1765,Ready to move,3,3.0,Navallur,2,4,3,3
99.9,1350,Under Construction,3,3.0,Pallavaram,2,3,3,3
81.4,1122,Under Construction,2,2.0,Pallavaram,2,2,2,2
260.0,2000,Under Construction,3,3.0,Guindy,3,4,3,3
35.0,620,Ready to move,1,1.0,Pallikaranai,1,1,1,1
77.0,1400,Ready to move,3,3.0,Perungalathur,2,3,3,3
65.0,1478,Ready to move,3,3.0,Medavakkam,1,3,3,3
79.8,1400,Under Construction,3,3.0,Vanagaram,2,3,3,3
77.51,1491,Under Construction,3,3.0,Vanagaram,2,3,3,3
34.0,748,Ready to move,2,2.0,Medavakkam,1,1,2,2
65.0,1250,Ready to move,3,3.0,Perungalathur,1,3,3,3
39.0,999,Ready to move,2,2.0,Moolacheri,1,2,2,2
19.36,605,Under Construction,1,1.0,Guduvancheri,1,1,1,1
210.0,1666,Ready to move,2,3.0,T Nagar,3,4,2,3
80.0,1700,Ready to move,3,3.0,Poonamallee,2,4,3,3
125.0,1765,Ready to move,3,3.0,Navallur,2,4,3,3
99.9,1350,Under Construction,3,3.0,Pallavaram,2,3,3,3
81.4,1122,Under Construction,2,2.0,Pallavaram,2,2,2,2
118.0,1600,Under Construction,3,3.0,Pallavaram,2,4,3,3
260.0,2000,Under Construction,3,3.0,Guindy,3,4,3,3
35.0,620,Ready to move,1,1.0,Pallikaranai,1,1,1,1
45.86,1079,Under Construction,2,2.0,Singaperumal Koil,1,2,2,2
60.0,1550,Ready to move,2,2.0,Perungalathur,1,4,2,2
442.0,2601,Under Construction,3,3.0,T Nagar,4,5,3,3
64.6,1700,Under Construction,3,3.0,Thaiyur,1,4,3,3
60.87,1068,Under Construction,2,2.0,Pallavaram,1,2,2,2
41.58,990,Ready to move,1,2.0,Urapakkam,1,2,1,2
36.0,800,Under Construction,1,2.0,Padappai,1,1,1,2
34.0,956,Ready to move,1,2.0,Guduvancheri,1,2,1,2
58.38,965,Under Construction,1,2.0,Madipakkam,1,2,1,2
109.0,1708,Under Construction,3,3.0,Sholinganallur,2,4,3,3
54.64,1051,Under Construction,2,2.0,Vanagaram,1,2,2,2
70.65,1359,Under Construction,3,2.0,Vanagaram,2,3,3,2
125.0,1765,Ready to move,3,3.0,Navallur,2,4,3,3
74.47,1655,Ready to move,3,3.0,Siruseri,2,4,3,3
82.86,1247,Under Construction,2,2.0,Perungudi,2,3,2,2
85.45,1554,Under Construction,3,3.0,Vanagaram,2,4,3,3
81.4,1122,Under Construction,2,2.0,Pallavaram,2,2,2,2
118.0,1600,Under Construction,3,3.0,Pallavaram,2,4,3,3
35.0,620,Ready to move,1,1.0,Pallikaranai,1,1,1,1
45.86,1079,Under Construction,2,2.0,Singaperumal Koil,1,2,2,2
77.0,1400,Ready to move,3,3.0,Perungalathur,2,3,3,3
60.0,1550,Ready to move,2,2.0,Perungalathur,1,4,2,2
442.0,2601,Under Construction,3,3.0,T Nagar,4,5,3,3
64.6,1700,Under Construction,3,3.0,Thaiyur,1,4,3,3
60.87,1068,Under Construction,2,2.0,Pallavaram,1,2,2,2
26.8,620,Ready to move,2,2.0,Veppampattu,1,1,2,2
25.7,620,Ready to move,2,2.0,Veppampattu,1,1,2,2
25.99,620,Ready to move,2,2.0,Veppampattu,1,1,2,2
26.0,620,Ready to move,2,2.0,Veppampattu,1,1,2,2
22.75,600,Ready to move,1,2.0,Veppampattu,1,1,1,2
22.85,600,Ready to move,2,2.0,Veppampattu,1,1,2,2
17.84,600,Ready to move,1,1.0,Veppampattu,1,1,1,1
37.0,1300,Ready to move,2,2.0,Veppampattu,1,3,2,2
55.0,1200,Ready to move,2,2.0,Medavakkam,1,3,2,2
55.0,1200,Ready to move,2,2.0,Medavakkam,1,3,2,2
55.0,1200,Ready to move,2,2.0,Medavakkam,1,3,2,2
55.0,1250,Under Construction,2,2.0,Kolapakkam Vandalur,1,3,2,2
22.49,610,Ready to move,2,2.0,Veppampatttu,1,1,2,2
39.5,820,Ready to move,2,2.0,Madhavaram,1,1,2,2
85.0,1071,Ready to move,2,2.0,Porur,2,2,2,2
68.5,1080,Ready to move,2,3.0,Kolathur,2,2,2,3
68.5,1080,Ready to move,2,3.0,Kolathur,2,2,2,3
68.5,1080,Ready to move,2,3.0,Kolathur,2,2,2,3
68.5,1080,Ready to move,2,3.0,Kolathur,2,2,2,3
308.0,1765,Under Construction,3,3.0,Gopalapuram,4,4,3,3
490.0,4500,Ready to move,8,6.0,Royapettah,5,6,6,6
68.5,1080,Ready to move,2,3.0,Kolathur,2,2,2,3
34.0,675,Ready to move,2,2.0,Elandanur,1,1,2,2
22.49,610,Ready to move,2,2.0,Veppampatttu,1,1,2,2
28.0,800,Ready to move,2,2.0,Veppampattu,1,1,2,2
260.0,3485,Ready to move,5,5.0,Kotivakkam,3,5,5,5
50.0,1000,Under Construction,2,2.0,Medavakkam,1,2,2,2
49.5,1000,Ready to move,2,2.0,Manali,1,2,2,2
27.0,720,Ready to move,2,2.0,Veppampattu,1,1,2,2
121.0,1250,Ready to move,2,2.0,West Mambalam,2,3,2,2
45.0,1000,Under Construction,2,2.0,Madambakkam,1,2,2,2
55.0,1200,Ready to move,2,2.0,Medavakkam,1,3,2,2
55.0,1200,Ready to move,2,2.0,Medavakkam,1,3,2,2
55.0,1200,Ready to move,2,2.0,Medavakkam,1,3,2,2
55.0,1200,Ready to move,2,2.0,Medavakkam,1,3,2,2
55.0,1200,Ready to move,2,2.0,Medavakkam,1,3,2,2
55.0,1200,Ready to move,2,2.0,Medavakkam,1,3,2,2
55.0,1200,Ready to move,2,2.0,Medavakkam,1,3,2,2
53.0,942,Ready to move,2,2.0,Iyyappanthangal,1,2,2,2
53.0,942,Ready to move,2,2.0,Iyyappanthangal,1,2,2,2
53.0,942,Ready to move,2,2.0,Iyyappanthangal,1,2,2,2
160.0,1463,Ready to move,3,4.0,Porur,3,3,3,4
25.0,582,Ready to move,2,2.0,Ambattur,1,1,2,2
310.0,2400,Ready to move,3,3.0,Jamalia,4,5,3,3
28.0,800,Ready to move,2,2.0,Veppampattu,1,1,2,2
540.0,5100,Under Construction,5,5.0,Kottivakkam,5,6,5,5
49.0,1200,Ready to move,2,2.0,Guduvancheri,1,3,2,2
195.0,2622,Ready to move,3,2.0,Perungalathur,3,5,3,2
30.0,950,Ready to move,2,2.0,Gokulapuram,1,2,2,2
35.0,750,Ready to move,2,1.0,Medavakkam,1,1,2,1
35.0,750,Ready to move,2,1.0,Medavakkam,1,1,2,1
35.0,750,Ready to move,2,1.0,Medavakkam,1,1,2,1
35.0,750,Ready to move,2,1.0,Medavakkam,1,1,2,1
106.0,1350,Ready to move,3,3.0,West Mambalam,2,3,3,3
55.83,859,Ready to move,2,2.0,Velachery,1,2,2,2
22.0,420,Ready to move,1,2.0,Elandanur,1,1,1,2
48.5,1450,Under Construction,2,2.0,Avadi,1,3,2,2
39.5,820,Ready to move,2,2.0,Madhavaram,1,1,2,2
85.0,1071,Ready to move,2,2.0,Porur,2,2,2,2
68.5,1080,Ready to move,2,3.0,Kolathur,2,2,2,3
68.5,1080,Ready to move,2,3.0,Kolathur,2,2,2,3
68.5,1080,Ready to move,2,3.0,Kolathur,2,2,2,3
68.5,1080,Ready to move,2,3.0,Kolathur,2,2,2,3
490.0,4500,Ready to move,8,6.0,Royapettah,5,6,6,6
68.5,1080,Ready to move,2,3.0,Kolathur,2,2,2,3
68.5,1080,Ready to move,2,3.0,Kolathur,2,2,2,3
230.0,1590,Ready to move,3,3.0,Anna Nagar,3,4,3,3
68.5,1080,Ready to move,2,3.0,Kolathur,2,2,2,3
34.0,675,Ready to move,2,2.0,Elandanur,1,1,2,2
34.0,675,Ready to move,2,2.0,Elandanur,1,1,2,2
55.0,1200,Ready to move,2,2.0,Medavakkam,1,3,2,2
55.0,1200,Ready to move,2,2.0,Medavakkam,1,3,2,2
55.0,1200,Ready to move,2,2.0,Medavakkam,1,3,2,2
55.0,1200,Ready to move,2,2.0,Medavakkam,1,3,2,2
55.0,1200,Ready to move,2,2.0,Medavakkam,1,3,2,2
44.75,1250,Ready to move,2,3.0,Iyyapa Nagar,1,3,2,3
59.0,900,Ready to move,3,2.0,Ayanavaram,1,2,3,2
49.0,919,Ready to move,2,2.0,Sholinganallur,1,2,2,2
25.0,619,Ready to move,2,1.0,Pozhichalur,1,1,2,1
42.5,818,Under Construction,2,2.0,West Tambaram,1,1,2,2
42.5,818,Under Construction,2,2.0,West Tambaram,1,1,2,2
48.5,818,Under Construction,2,2.0,West Tambaram,1,1,2,2
57.5,922,Ready to move,2,2.0,Old Pallavaram,1,2,2,2
53.0,942,Ready to move,2,2.0,Iyyappanthangal,1,2,2,2
53.0,942,Ready to move,2,2.0,Iyyappanthangal,1,2,2,2
53.0,942,Ready to move,2,2.0,Iyyappanthangal,1,2,2,2
53.0,942,Ready to move,2,2.0,Iyyappanthangal,1,2,2,2
53.0,942,Ready to move,2,2.0,Iyyappanthangal,1,2,2,2
53.0,942,Ready to move,2,2.0,Iyyappanthangal,1,2,2,2
35.0,750,Ready to move,2,1.0,Medavakkam,1,1,2,1
35.0,750,Ready to move,2,1.0,Medavakkam,1,1,2,1
35.0,750,Ready to move,2,1.0,Medavakkam,1,1,2,1
35.0,750,Ready to move,2,1.0,Medavakkam,1,1,2,1
540.0,5100,Under Construction,5,5.0,Kottivakkam,5,6,5,5
55.83,859,Ready to move,2,2.0,Velachery,1,2,2,2
125.0,2350,Ready to move,4,4.0,Iyyappanthangal,2,5,4,4
125.0,2350,Ready to move,4,4.0,Iyyappanthangal,2,5,4,4
110.0,2350,Ready to move,4,4.0,Iyyappanthangal,2,5,4,4
42.18,868,Ready to move,2,2.0,Pammal,1,2,2,2
42.18,868,Ready to move,2,2.0,Pammal,1,2,2,2
42.18,868,Ready to move,2,2.0,Pammal,1,2,2,2
42.18,868,Ready to move,2,2.0,Pammal,1,2,2,2
42.18,868,Ready to move,2,2.0,Pammal,1,2,2,2
25.0,619,Ready to move,2,1.0,Pozhichalur,1,1,2,1
125.0,2350,Ready to move,4,4.0,Iyyappanthangal,2,5,4,4
125.0,2350,Ready to move,4,4.0,Iyyappanthangal,2,5,4,4
110.0,2350,Ready to move,4,4.0,Iyyappanthangal,2,5,4,4
42.18,868,Ready to move,2,2.0,Pammal,1,2,2,2
42.18,868,Ready to move,2,2.0,Pammal,1,2,2,2
42.18,868,Ready to move,2,2.0,Pammal,1,2,2,2
42.18,868,Ready to move,2,2.0,Pammal,1,2,2,2
42.18,868,Ready to move,2,2.0,Pammal,1,2,2,2
42.18,868,Ready to move,2,2.0,Pammal,1,2,2,2
42.18,868,Ready to move,2,2.0,Pammal,1,2,2,2
42.18,868,Ready to move,2,2.0,Pammal,1,2,2,2
42.18,868,Ready to move,2,2.0,Pammal,1,2,2,2
42.18,868,Ready to move,2,2.0,Pammal,1,2,2,2
42.18,868,Ready to move,2,2.0,Pammal,1,2,2,2
42.18,868,Ready to move,2,2.0,Pammal,1,2,2,2
42.18,868,Ready to move,2,2.0,Pammal,1,2,2,2
42.18,868,Ready to move,2,2.0,Pammal,1,2,2,2
42.18,868,Ready to move,2,2.0,Pammal,1,2,2,2
42.18,868,Ready to move,2,2.0,Pammal,1,2,2,2
53.0,942,Ready to move,2,2.0,Iyyappanthangal,1,2,2,2
53.0,942,Ready to move,2,2.0,Iyyappanthangal,1,2,2,2
53.0,942,Ready to move,2,2.0,Iyyappanthangal,1,2,2,2
53.0,942,Ready to move,2,2.0,Iyyappanthangal,1,2,2,2
53.0,942,Ready to move,2,2.0,Iyyappanthangal,1,2,2,2
53.0,942,Ready to move,2,2.0,Iyyappanthangal,1,2,2,2
53.0,942,Ready to move,2,2.0,Iyyappanthangal,1,2,2,2
53.0,942,Ready to move,2,2.0,Iyyappanthangal,1,2,2,2
53.0,942,Ready to move,2,2.0,Iyyappanthangal,1,2,2,2
27.5,586,Ready to move,1,1.0,Sembakkam,1,1,1,1
28.0,586,Ready to move,1,1.0,Sembakkam,1,1,1,1
28.0,586,Ready to move,1,1.0,Sembakkam,1,1,1,1
28.0,586,Ready to move,1,1.0,Sembakkam,1,1,1,1
28.0,586,Ready to move,1,1.0,Sembakkam,1,1,1,1
28.0,586,Ready to move,1,1.0,Sembakkam,1,1,1,1
28.0,586,Ready to move,1,1.0,Sembakkam,1,1,1,1
28.0,586,Ready to move,1,1.0,Sembakkam,1,1,1,1
28.0,586,Ready to move,1,1.0,Sembakkam,1,1,1,1
28.0,586,Ready to move,1,1.0,Sembakkam,1,1,1,1
28.0,586,Ready to move,1,1.0,Sembakkam,1,1,1,1
28.0,586,Ready to move,1,1.0,Sembakkam,1,1,1,1
28.0,586,Ready to move,1,1.0,Sembakkam,1,1,1,1
28.0,586,Ready to move,1,1.0,Sembakkam,1,1,1,1
28.0,586,Ready to move,1,1.0,Sembakkam,1,1,1,1
310.0,2400,Ready to move,3,3.0,Jamalia,4,5,3,3
35.0,953,Under Construction,2,2.0,Pattabiram,1,2,2,2
460.0,4000,Ready to move,4,4.0,Kilpauk,4,6,4,4
520.0,4000,Ready to move,4,3.0,Adyar,5,6,4,3
26.2,655,Ready to move,1,2.0,Madambakkam,1,1,1,2
35.0,700,Ready to move,2,2.0,Pattabiram,1,1,2,2
110.0,1405,Ready to move,3,2.0,Adyar,2,3,3,2
25.0,650,Ready to move,2,2.0,Pattabiram,1,1,2,2
25.0,650,Ready to move,2,2.0,Pattabiram,1,1,2,2
25.0,650,Ready to move,2,2.0,Pattabiram,1,1,2,2
60.0,1386,Ready to move,3,3.0,Avadi,1,3,3,3
540.0,5100,Under Construction,5,5.0,Kottivakkam,5,6,5,5
35.0,750,Ready to move,2,1.0,Medavakkam,1,1,2,1
35.0,750,Ready to move,2,1.0,Medavakkam,1,1,2,1
35.0,750,Ready to move,2,1.0,Medavakkam,1,1,2,1
35.0,750,Ready to move,2,1.0,Medavakkam,1,1,2,1
36.0,809,Ready to move,2,2.0,Sembakkam,1,1,2,2
30.0,905,Ready to move,2,2.0,Purasawalkam,1,2,2,2
39.5,809,Ready to move,2,2.0,Sembakkam,1,1,2,2
39.5,809,Ready to move,2,2.0,Sembakkam,1,1,2,2
39.5,809,Ready to move,2,2.0,Sembakkam,1,1,2,2
39.5,809,Ready to move,2,2.0,Sembakkam,1,1,2,2
39.5,809,Ready to move,2,2.0,Sembakkam,1,1,2,2
62.0,1030,Ready to move,3,2.0,Perungalathur,1,2,3,2
62.0,1030,Ready to move,3,2.0,Perungalathur,1,2,3,2
62.0,1030,Ready to move,3,2.0,Perungalathur,1,2,3,2
62.0,1030,Ready to move,3,2.0,Perungalathur,1,2,3,2
62.0,1030,Ready to move,3,2.0,Perungalathur,1,2,3,2
62.0,1030,Ready to move,3,2.0,Perungalathur,1,2,3,2
62.0,1030,Ready to move,3,2.0,Perungalathur,1,2,3,2
62.0,1030,Ready to move,3,2.0,Perungalathur,1,2,3,2
62.0,1030,Ready to move,3,2.0,Perungalathur,1,2,3,2
62.0,1030,Ready to move,3,2.0,Perungalathur,1,2,3,2
62.0,1030,Ready to move,3,2.0,Perungalathur,1,2,3,2
62.0,1030,Ready to move,3,2.0,Perungalathur,1,2,3,2
62.0,1030,Ready to move,3,2.0,Perungalathur,1,2,3,2
62.0,1030,Ready to move,3,2.0,Perungalathur,1,2,3,2
62.0,1030,Ready to move,3,2.0,Perungalathur,1,2,3,2
62.0,1030,Ready to move,3,2.0,Perungalathur,1,2,3,2
42.8,855,Ready to move,2,2.0,Pammal,1,2,2,2
62.0,1030,Ready to move,3,2.0,Perungalathur,1,2,3,2
58.0,1030,Ready to move,3,2.0,Perungalathur,1,2,3,2
87.0,1015,Under Construction,2,2.0,Adambakam,2,2,2,2
85.0,1200,Ready to move,2,2.0,tambaram west,2,3,2,2
71.0,1100,Under Construction,3,3.0,Kolathur,2,2,3,3
165.0,1344,Ready to move,2,2.0,Aminjikarai,3,3,2,2
165.0,1344,Ready to move,2,2.0,Aminjikarai,3,3,2,2
49.0,1200,Ready to move,2,2.0,Guduvancheri,1,3,2,2
106.0,1350,Ready to move,3,3.0,West Mambalam,2,3,3,3
33.0,580,Ready to move,2,2.0,Perungalathur,1,1,2,2
45.0,1024,Ready to move,3,2.0,Thirumullaivoyal,1,2,3,2
37.5,845,Ready to move,2,2.0,Kundrathur,1,2,2,2
47.0,1505,Ready to move,3,3.0,Sriperumbudur,1,3,3,3
416.0,2315,Under Construction,3,3.0,Alwarpet,4,5,3,3
72.0,1100,Under Construction,3,3.0,Kolathur,2,2,3,3
34.99,1175,Ready to move,2,2.0,Veppampattu,1,3,2,2
21.99,600,Ready to move,1,2.0,Veppampattu,1,1,1,2
22.0,600,Ready to move,1,2.0,Veppampattu,1,1,1,2
29.0,800,Ready to move,2,2.0,Veppampattu,1,1,2,2
32.0,1000,Ready to move,2,2.0,Veppampattu,1,2,2,2
39.75,885,Under Construction,2,2.0,Perumbakkam,1,2,2,2
65.8,1535,Under Construction,3,3.0,Perumbakkam,1,3,3,3
41.0,1250,Ready to move,1,2.0,Kelambakkam,1,3,1,2
33.0,1020,Ready to move,2,3.0,Semmancheri,1,2,2,3
48.0,1270,Ready to move,2,1.0,Kelambakkam,1,3,2,1
49.0,1110,Ready to move,2,2.0,Navallur,1,2,2,2
47.0,1060,Ready to move,2,2.0,Semmancheri,1,2,2,2
43.0,1350,Ready to move,2,2.0,Kelambakkam,1,3,2,2
195.0,3850,Ready to move,5,5.0,Ponniammanmedu,3,6,5,5
145.0,1000,Ready to move,2,1.0,Kodungaiyur West,2,2,2,1
120.0,2400,Ready to move,4,4.0,Kolathur,2,5,4,4
440.0,2452,Ready to move,3,3.0,Nungambakkam,4,5,3,3
23.0,500,Ready to move,1,1.0,Nanmangalam,1,1,1,1
62.08,1194,Ready to move,3,3.0,Medavakkam,1,3,3,3
48.41,931,Ready to move,2,2.0,Medavakkam,1,2,2,2
47.08,961,Ready to move,2,2.0,Nanmangalam,1,2,2,2
39.4,788,Ready to move,2,2.0,Perumbakkam,1,1,2,2
38.61,788,Ready to move,2,2.0,Nanmangalam,1,1,2,2
45.08,980,Ready to move,2,2.0,Nanmangalam,1,2,2,2
38.36,834,Ready to move,2,2.0,Nanmangalam,1,2,2,2
36.57,795,Ready to move,2,2.0,Nanmangalam,1,1,2,2
64.78,1117,Ready to move,3,3.0,Sembakkam,1,2,3,3
78.0,1300,Ready to move,3,3.0,Medavakkam,2,3,3,3
54.06,983,Ready to move,2,2.0,Medavakkam,1,2,2,2
47.35,861,Ready to move,2,2.0,Medavakkam,1,2,2,2
58.26,971,Ready to move,2,2.0,Medavakkam,1,2,2,2
81.2,1400,Ready to move,3,3.0,Sembakkam,2,3,3,3
69.35,1261,Ready to move,3,3.0,Medavakkam,2,3,3,3
49.0,1000,Ready to move,2,2.0,Nanmangalam,1,2,2,2
43.51,888,Ready to move,2,2.0,Nanmangalam,1,2,2,2
69.35,1261,Ready to move,3,3.0,Medavakkam,2,3,3,3
56.04,1019,Ready to move,2,2.0,Medavakkam,1,2,2,2
58.26,971,Ready to move,2,2.0,Medavakkam,1,2,2,2
81.2,1400,Ready to move,3,3.0,Sembakkam,2,3,3,3
78.0,1300,Ready to move,3,3.0,Medavakkam,2,3,3,3
54.06,983,Ready to move,2,2.0,Medavakkam,1,2,2,2
47.35,861,Ready to move,2,2.0,Medavakkam,1,2,2,2
31.2,600,Ready to move,1,1.0,Medavakkam,1,1,1,1
74.87,1291,Ready to move,3,3.0,Sembakkam,2,3,3,3
68.88,1148,Ready to move,3,3.0,Medavakkam,2,3,3,3
53.76,896,Ready to move,2,2.0,Medavakkam,1,2,2,2
56.88,1094,Ready to move,3,3.0,Medavakkam,1,2,3,3
51.94,999,Ready to move,2,2.0,Medavakkam,1,2,2,2
52.2,900,Ready to move,2,2.0,Sembakkam,1,2,2,2
72.71,1322,Ready to move,3,3.0,Medavakkam,2,3,3,3
64.78,1117,Ready to move,3,3.0,Sembakkam,1,2,3,3
41.11,839,Ready to move,2,2.0,Nanmangalam,1,2,2,2
43.68,840,Ready to move,2,2.0,Medavakkam,1,2,2,2
54.05,932,Ready to move,2,2.0,Kovilambakkam,1,2,2,2
53.41,1187,Ready to move,3,3.0,Sithalapakkam,1,3,3,3
54.55,1091,Ready to move,3,3.0,Perumbakkam,1,2,3,3
48.85,977,Ready to move,2,2.0,Perumbakkam,1,2,2,2
51.96,896,Ready to move,2,2.0,Kovilambakkam,1,2,2,2
53.39,1139,Ready to move,3,3.0,Nanmangalam,1,3,3,3
70.6,1400,Ready to move,3,3.0,Perumbakkam,2,3,3,3
43.15,863,Ready to move,2,2.0,Perumbakkam,1,2,2,2
58.8,1200,Ready to move,3,3.0,Nanmangalam,1,3,3,3
49.0,1000,Ready to move,2,2.0,Nanmangalam,1,2,2,2
43.51,888,Ready to move,2,2.0,Nanmangalam,1,2,2,2
45.99,1022,Ready to move,3,3.0,Sithalapakkam,1,2,3,3
41.58,924,Ready to move,2,2.0,Sithalapakkam,1,2,2,2
58.45,759,Ready to move,2,2.0,Nesapakkam,1,1,2,2
29.0,650,Ready to move,1,1.0,Pallikaranai,1,1,1,1
39.88,1050,Ready to move,2,2.0,Thaiyur,1,2,2,2
89.0,950,Ready to move,2,2.0,T Nagar,2,2,2,2
66.44,923,Under Construction,2,2.0,Porur,1,2,2,2
78.1,1085,Under Construction,3,3.0,Porur,2,2,3,3
85.0,1712,Ready to move,3,3.0,Medavakkam,2,4,3,3
430.0,6700,Ready to move,4,4.0,Kovalam,4,6,4,4
240.0,3700,Ready to move,3,3.0,Kovalam,3,6,3,3
205.0,1850,Ready to move,3,3.0,CIT Nagar,3,4,3,3
51.32,1283,Ready to move,3,3.0,Selaiyur,1,3,3,3
45.04,1126,Ready to move,3,3.0,Selaiyur,1,2,3,3
45.04,1126,Ready to move,3,3.0,Selaiyur,1,2,3,3
29.72,743,Ready to move,2,2.0,Selaiyur,1,1,2,2
53.85,1122,Ready to move,3,3.0,Selaiyur,1,2,3,3
43.48,906,Ready to move,2,2.0,Selaiyur,1,2,2,2
40.27,839,Ready to move,2,2.0,Selaiyur,1,2,2,2
79.69,1172,Ready to move,2,2.0,tambaram west,2,3,2,2
75.0,1655,Ready to move,3,3.0,Agaramthen,2,4,3,3
100.0,2100,Ready to move,3,3.0,Selaiyur,2,4,3,3
70.0,1600,Ready to move,3,3.0,Agaramthen,2,4,3,3
100.0,2100,Ready to move,3,3.0,Vengambakkam,2,4,3,3
95.0,2000,Ready to move,3,3.0,Selaiyur,2,4,3,3
90.0,1900,Ready to move,3,3.0,Selaiyur,2,4,3,3
95.0,2000,Ready to move,3,3.0,Vengambakkam,2,4,3,3
85.0,1800,Ready to move,3,3.0,Selaiyur,2,4,3,3
90.0,1900,Ready to move,3,3.0,Vengambakkam,2,4,3,3
85.0,1800,Ready to move,3,3.0,Vengambakkam,2,4,3,3
80.0,1700,Ready to move,3,3.0,Selaiyur,2,4,3,3
80.0,1700,Ready to move,3,3.0,Vengambakkam,2,4,3,3
75.0,1655,Ready to move,3,3.0,Selaiyur,2,4,3,3
75.0,1655,Ready to move,3,3.0,Vengambakkam,2,4,3,3
90.0,1667,Ready to move,3,3.0,Selaiyur,2,4,3,3
70.0,1600,Ready to move,3,3.0,Selaiyur,2,4,3,3
70.0,1600,Ready to move,3,3.0,Vengambakkam,2,4,3,3
120.0,2000,Ready to move,3,3.0,Sembakkam,2,4,3,3
100.0,2100,Ready to move,3,3.0,Agaramthen,2,4,3,3
100.0,1821,Ready to move,3,3.0,Sembakkam,2,4,3,3
100.0,2100,Ready to move,3,3.0,Selaiyur,2,4,3,3
95.0,2000,Ready to move,3,3.0,Agaramthen,2,4,3,3
95.0,1783,Ready to move,3,3.0,Sembakkam,2,4,3,3
95.0,2000,Ready to move,3,3.0,Selaiyur,2,4,3,3
85.0,1583,Ready to move,3,3.0,Selaiyur,2,4,3,3
90.0,1900,Ready to move,3,3.0,Agaramthen,2,4,3,3
90.0,1624,Ready to move,3,3.0,Sembakkam,2,4,3,3
90.0,1900,Ready to move,3,3.0,Selaiyur,2,4,3,3
85.0,1800,Ready to move,3,3.0,Agaramthen,2,4,3,3
125.0,1800,Ready to move,3,3.0,Rajakilpakkam,2,4,3,3
100.0,1874,Ready to move,3,3.0,Selaiyur,2,4,3,3
85.0,1800,Ready to move,3,3.0,Selaiyur,2,4,3,3
80.0,1700,Ready to move,3,3.0,Selaiyur,2,4,3,3
80.0,1700,Ready to move,3,3.0,Agaramthen,2,4,3,3
95.0,1700,Ready to move,3,3.0,Rajakilpakkam,2,4,3,3
75.0,1655,Ready to move,3,3.0,Selaiyur,2,4,3,3
94.0,1793,Ready to move,3,3.0,Selaiyur,2,4,3,3
100.0,2000,Ready to move,3,3.0,Selaiyur,2,4,3,3
90.0,1674,Ready to move,3,3.0,Selaiyur,2,4,3,3
95.0,1800,Ready to move,3,3.0,Selaiyur,2,4,3,3
90.0,1740,Ready to move,3,3.0,Selaiyur,2,4,3,3
84.0,1600,Ready to move,3,3.0,Selaiyur,2,4,3,3
85.0,1664,Ready to move,3,3.0,Selaiyur,2,4,3,3
100.0,2000,Ready to move,3,3.0,tambaram west,2,4,3,3
95.0,1800,Ready to move,3,3.0,tambaram west,2,4,3,3
110.0,2000,Ready to move,3,3.0,Selaiyur,2,4,3,3
100.0,1839,Ready to move,3,3.0,Selaiyur,2,4,3,3
90.0,1700,Ready to move,3,3.0,tambaram west,2,4,3,3
95.0,1741,Ready to move,3,3.0,Selaiyur,2,4,3,3
85.0,1621,Ready to move,3,3.0,tambaram west,2,4,3,3
130.0,1385,Ready to move,3,3.0,Chromepet,2,3,3,3
74.0,1300,Ready to move,3,3.0,Madambakkam,2,3,3,3
69.0,1200,Ready to move,2,2.0,Madambakkam,2,3,2,2
130.0,1961,Ready to move,3,3.0,Rajakilpakkam,2,4,3,3
70.0,1600,Ready to move,3,3.0,Selaiyur,2,4,3,3
140.0,2200,Under Construction,4,4.0,Sembakkam,2,5,4,4
95.0,1900,Ready to move,3,3.0,Perumbakkam,2,4,3,3
85.0,1800,Ready to move,3,3.0,Perumbakkam,2,4,3,3
120.0,1321,Ready to move,3,3.0,Chromepet,2,3,3,3
90.0,1800,Ready to move,4,4.0,Madambakkam,2,4,4,4
120.0,1400,Ready to move,3,3.0,Chitlapakkam,2,3,3,3
85.0,1683,Ready to move,3,3.0,Madambakkam,2,4,3,3
80.0,1561,Ready to move,3,3.0,Madambakkam,2,4,3,3
77.0,1483,Ready to move,3,3.0,Madambakkam,2,3,3,3
110.0,1943,Ready to move,3,3.0,Chromepet,2,4,3,3
110.0,1300,Ready to move,3,3.0,Chitlapakkam,2,3,3,3
95.0,1783,Ready to move,3,3.0,Chromepet,2,4,3,3
60.02,1225,Ready to move,3,3.0,Chromepet,1,3,3,3
53.6,1094,Ready to move,3,3.0,Chromepet,1,2,3,3
44.59,910,Ready to move,2,2.0,Chromepet,1,2,2,2
40.18,820,Ready to move,2,2.0,Chromepet,1,1,2,2
24.47,505,Ready to move,1,1.0,Chromepet,1,1,1,1
108.0,1065,Ready to move,2,2.0,Saligramam,2,2,2,2
37.34,770,Under Construction,2,2.0,Ambattur,1,1,2,2
57.12,1190,Under Construction,3,3.0,Nanmangalam,1,3,3,3
64.0,1254,Ready to move,2,2.0,Medavakkam,1,3,2,2
23.0,594,Ready to move,1,2.0,Veppampattu,1,1,1,2
26.5,630,Ready to move,2,2.0,Veppampattu,1,1,2,2
34.99,1201,Ready to move,2,2.0,Veppampattu,1,3,2,2
28.99,751,Ready to move,2,2.0,Veppampattu,1,1,2,2
26.99,701,Ready to move,2,2.0,Veppampattu,1,1,2,2
29.99,847,Ready to move,2,2.0,Veppampattu,1,2,2,2
22.99,609,Ready to move,2,2.0,Veppampattu,1,1,2,2
32.0,800,Ready to move,2,2.0,Mambakkam,1,1,2,2
48.0,1200,Ready to move,2,2.0,Nallambakkam,1,3,2,2
46.0,1000,Under Construction,2,2.0,Mambakkam,1,2,2,2
53.0,1000,Ready to move,2,3.0,Nallambakkam,1,2,2,3
57.0,1500,Ready to move,2,3.0,Peerakankaranai,1,3,2,3
33.0,1200,Ready to move,2,2.0,Siruseri,1,3,2,2
36.0,900,Ready to move,1,2.0,Ottiyabakkam,1,2,1,2
58.0,1400,Ready to move,3,3.0,Kelambakkam,1,3,3,3
57.0,1250,Ready to move,2,2.0,Kelambakkam,1,3,2,2
53.0,1550,Ready to move,2,2.0,Kelambakkam,1,4,2,2
52.0,1350,Ready to move,2,2.0,Kelambakkam,1,3,2,2
46.0,1200,Ready to move,1,2.0,Semmancheri,1,3,1,2
36.0,1000,Ready to move,2,2.0,Semmancheri,1,2,2,2
54.0,1050,Ready to move,2,2.0,Peerakankaranai,1,2,2,2
50.0,1080,Ready to move,2,3.0,Rathinamangalam,1,2,2,3
58.0,1250,Ready to move,2,3.0,Rathinamangalam,1,3,2,3
48.0,1160,Ready to move,2,3.0,Peerakankaranai,1,3,2,3
47.0,1470,Ready to move,2,3.0,Semmancheri,1,3,2,3
53.0,1060,Ready to move,2,3.0,Ottiyabakkam,1,2,2,3
48.0,1126,Ready to move,1,2.0,Ottiyabakkam,1,2,1,2
78.0,954,Ready to move,2,2.0,Adambakam,2,2,2,2
53.0,804,Ready to move,2,2.0,Kovilambakkam,1,1,2,2
42.0,509,Ready to move,1,1.0,Adambakam,1,1,1,1
48.87,905,Ready to move,2,2.0,Selaiyur,1,2,2,2
46.54,862,Ready to move,2,2.0,Selaiyur,1,2,2,2
41.52,769,Ready to move,2,2.0,Selaiyur,1,1,2,2
69.6,1200,Ready to move,3,3.0,Perungalathur,2,3,3,3
60.32,1040,Ready to move,2,2.0,Perungalathur,1,2,2,2
54.17,934,Ready to move,2,2.0,Perungalathur,1,2,2,2
51.56,889,Ready to move,2,2.0,Perungalathur,1,2,2,2
66.08,1180,Ready to move,3,3.0,tambaram west,1,3,3,3
57.12,1020,Ready to move,2,2.0,tambaram west,1,2,2,2
52.08,930,Ready to move,2,2.0,tambaram west,1,2,2,2
73.37,1249,Ready to move,3,3.0,Sembakkam,2,3,3,3
69.26,1179,Ready to move,3,3.0,Sembakkam,2,3,3,3
57.75,983,Ready to move,2,2.0,Sembakkam,1,2,2,2
47.94,861,Ready to move,2,2.0,Sembakkam,1,2,2,2
81.43,1404,Ready to move,3,3.0,Chromepet,2,3,3,3
72.96,1258,Ready to move,3,3.0,Chromepet,2,3,3,3
59.15,1183,Ready to move,3,3.0,Chromepet,1,3,3,3
57.76,996,Ready to move,2,2.0,Chromepet,1,2,2,2
47.15,943,Ready to move,2,2.0,Chromepet,1,2,2,2
52.2,900,Ready to move,2,2.0,Chromepet,1,2,2,2
76.5,1275,Ready to move,3,3.0,Chitlapakkam,2,3,3,3
43.05,861,Ready to move,2,2.0,Chromepet,1,2,2,2
69.96,1166,Ready to move,3,3.0,Chitlapakkam,2,3,3,3
25.0,500,Ready to move,1,1.0,Chromepet,1,1,1,1
60.0,1000,Ready to move,2,2.0,Chitlapakkam,1,2,2,2
113.0,1668,Ready to move,3,3.0,tambaram west,2,4,3,3
99.07,1457,Ready to move,3,3.0,tambaram west,2,3,3,3
83.09,1222,Ready to move,2,2.0,tambaram west,2,3,2,2
42.0,700,Ready to move,1,1.0,Chitlapakkam,1,1,1,1
49.74,829,Ready to move,2,2.0,Chitlapakkam,1,2,2,2
78.0,1300,Ready to move,3,3.0,Chromepet,2,3,3,3
68.58,1143,Ready to move,3,3.0,Chromepet,2,3,3,3
58.14,969,Ready to move,2,2.0,Chromepet,1,2,2,2
47.1,785,Ready to move,2,2.0,Chromepet,1,1,2,2
39.26,818,Ready to move,2,2.0,Selaiyur,1,1,2,2
73.6,1269,Ready to move,3,3.0,Selaiyur,2,3,3,3
69.07,1191,Ready to move,3,3.0,Selaiyur,2,3,3,3
62.06,1070,Ready to move,2,2.0,Selaiyur,1,2,2,2
57.71,995,Ready to move,2,2.0,Selaiyur,1,2,2,2
55.85,963,Ready to move,2,2.0,Selaiyur,1,2,2,2
51.85,894,Ready to move,2,2.0,Selaiyur,1,2,2,2
47.56,820,Ready to move,2,2.0,Selaiyur,1,1,2,2
78.4,1400,Ready to move,3,3.0,Rajakilpakkam,2,3,3,3
72.8,1300,Ready to move,3,3.0,Rajakilpakkam,2,3,3,3
66.58,1189,Ready to move,3,3.0,Rajakilpakkam,1,3,3,3
57.34,1024,Ready to move,2,2.0,Rajakilpakkam,1,2,2,2
53.98,964,Ready to move,2,2.0,Rajakilpakkam,1,2,2,2
46.25,826,Ready to move,2,2.0,Rajakilpakkam,1,2,2,2
43.96,785,Ready to move,2,2.0,Rajakilpakkam,1,1,2,2
85.62,1427,Ready to move,3,3.0,Medavakkam,2,3,3,3
79.02,1317,Ready to move,3,3.0,Medavakkam,2,3,3,3
75.24,1254,Ready to move,3,3.0,Medavakkam,2,3,3,3
66.96,1116,Ready to move,3,3.0,Medavakkam,1,2,3,3
60.0,1000,Ready to move,2,2.0,Medavakkam,1,2,2,2
54.3,905,Ready to move,2,2.0,Sembakkam,1,2,2,2
53.16,886,Ready to move,2,2.0,Medavakkam,1,2,2,2
50.1,835,Ready to move,2,2.0,Sembakkam,1,2,2,2
45.06,751,Ready to move,2,2.0,Medavakkam,1,1,2,2
117.0,1455,Ready to move,3,3.0,Nandambakkam,2,3,3,3
123.0,1530,Ready to move,3,3.0,Nandambakkam,2,3,3,3
58.32,1215,Under Construction,3,3.0,Nanmangalam,1,3,3,3
45.6,950,Under Construction,2,2.0,Nanmangalam,1,2,2,2
40.32,840,Under Construction,2,2.0,Nanmangalam,1,2,2,2
37.68,785,Under Construction,2,2.0,Nanmangalam,1,1,2,2
33.6,700,Under Construction,2,2.0,Nanmangalam,1,1,2,2
71.91,1383,Ready to move,3,3.0,Sembakkam,2,3,3,3
60.63,1166,Ready to move,3,3.0,Sembakkam,1,3,3,3
51.01,981,Ready to move,2,2.0,Sembakkam,1,2,2,2
48.41,931,Ready to move,2,2.0,Sembakkam,1,2,2,2
44.25,851,Ready to move,2,2.0,Sembakkam,1,2,2,2
41.6,800,Ready to move,2,2.0,Sembakkam,1,1,2,2
63.45,1269,Ready to move,3,3.0,Rajakilpakkam,1,3,3,3
59.2,1184,Ready to move,3,3.0,Rajakilpakkam,1,3,3,3
55.0,1100,Ready to move,3,3.0,Rajakilpakkam,1,2,3,3
48.2,964,Ready to move,2,2.0,Rajakilpakkam,1,2,2,2
45.0,900,Ready to move,2,2.0,Rajakilpakkam,1,2,2,2
50.4,900,Ready to move,2,2.0,tambaram west,1,2,2,2
48.0,1200,Ready to move,3,3.0,Urapakkam,1,3,3,3
37.72,943,Ready to move,2,2.0,Urapakkam,1,2,2,2
35.24,881,Ready to move,2,2.0,Urapakkam,1,2,2,2
40.6,812,Ready to move,2,2.0,Rajakilpakkam,1,1,2,2
91.2,1900,Ready to move,3,3.0,Madambakkam,2,4,3,3
78.28,1631,Ready to move,3,3.0,Madambakkam,2,4,3,3
71.42,1488,Ready to move,3,3.0,Madambakkam,2,3,3,3
67.15,1399,Ready to move,3,3.0,Madambakkam,2,3,3,3
48.81,1017,Ready to move,2,2.0,Madambakkam,1,2,2,2
47.52,990,Ready to move,2,2.0,Madambakkam,1,2,2,2
65.61,1238,Ready to move,3,3.0,Madambakkam,1,3,3,3
61.85,1167,Ready to move,3,3.0,Madambakkam,1,3,3,3
48.81,921,Ready to move,2,2.0,Madambakkam,1,2,2,2
46.64,880,Ready to move,2,2.0,Madambakkam,1,2,2,2
59.83,1108,Ready to move,3,3.0,Selaiyur,1,2,3,3
58.96,1092,Ready to move,3,3.0,Selaiyur,1,2,3,3
28.35,525,Ready to move,1,1.0,Selaiyur,1,1,1,1
30.0,850,Ready to move,2,2.0,Veppampattu,1,2,2,2
26.9,700,Ready to move,2,2.0,Veppampattu,1,1,2,2
27.0,700,Ready to move,2,2.0,Veppampattu,1,1,2,2
25.8,700,Ready to move,2,2.0,Veppampattu,1,1,2,2
26.0,700,Ready to move,2,2.0,Veppampattu,1,1,2,2
23.0,600,Ready to move,2,2.0,Veppampattu,1,1,2,2
51.06,690,Ready to move,2,2.0,Nesapakkam,1,1,2,2
132.0,1266,Ready to move,3,3.0,Jafferkhanpet,2,3,3,3
102.0,980,Ready to move,2,2.0,Jafferkhanpet,2,2,2,2
91.2,1200,Ready to move,3,3.0,Nesapakkam,2,3,3,3
55.5,750,Ready to move,2,2.0,Nesapakkam,1,1,2,2
88.1,881,Ready to move,2,2.0,Arumbakkam,2,2,2,2
87.0,870,Ready to move,2,2.0,Arumbakkam,2,2,2,2
85.5,900,Ready to move,2,2.0,Koyambedu,2,2,2,2
81.7,860,Ready to move,2,2.0,Koyambedu,2,2,2,2
39.0,937,Under Construction,2,2.0,Selaiyur,1,2,2,2
99.0,1560,Ready to move,3,3.0,Medavakkam,2,4,3,3
46.0,1006,Ready to move,2,2.0,Moolacheri,1,2,2,2
46.12,1006,Ready to move,2,2.0,Moolacheri,1,2,2,2
37.0,574,Ready to move,1,1.0,Gowrivakkam,1,1,1,1
80.0,1527,Ready to move,3,2.0,Ambattur,2,3,3,2
65.0,1002,Ready to move,2,2.0,Gowrivakkam,1,2,2,2
80.0,1753,Ready to move,3,2.0,Medavakkam,2,4,3,2
60.0,1340,Ready to move,2,2.0,Medavakkam,1,3,2,2
53.0,974,Under Construction,2,2.0,Perungalathur,1,2,2,2
30.0,612,Under Construction,2,2.0,Thalambur,1,1,2,2
66.0,1366,Under Construction,3,2.0,Perungalathur,1,3,3,2
47.0,1073,Under Construction,2,2.0,Thalambur,1,2,2,2
95.0,1371,Ready to move,3,2.0,Vengaivasal,2,3,3,2
42.0,591,Ready to move,2,1.0,Vengaivasal,1,1,2,1
80.0,1237,Under Construction,2,2.0,Sholinganallur,2,3,2,2
28.0,730,Under Construction,2,2.0,Thirumazhisai,1,1,2,2
32.0,849,Under Construction,2,2.0,Thirumazhisai,1,2,2,2
55.0,1286,Under Construction,3,2.0,Selaiyur,1,3,3,2
33.0,885,Under Construction,3,3.0,Thirumazhisai,1,2,3,3
70.0,1148,Ready to move,2,2.0,Kolapakkam,2,3,2,2
68.0,1024,Ready to move,2,2.0,Karapakkam,2,2,2,2
170.0,2616,Ready to move,4,3.0,Karapakkam,3,5,4,3
42.0,979,Under Construction,2,2.0,Navallur,1,2,2,2
46.0,1262,Under Construction,3,2.0,Kelambakkam,1,3,3,2
85.0,1234,Ready to move,2,2.0,Vengaivasal,2,3,2,2
103.0,1469,Ready to move,3,3.0,Vengaivasal,2,3,3,3
66.0,950,Under Construction,2,2.0,Porur,1,2,2,2
29.0,576,Ready to move,1,1.0,Kuthambakkam,1,1,1,1
41.0,855,Ready to move,2,2.0,Kuthambakkam,1,2,2,2
70.0,1080,Ready to move,2,2.0,Perungalathur,2,2,2,2
75.54,1545,Ready to move,2,2.0,Semmancheri,2,4,2,2
77.35,1645,Ready to move,3,2.0,Semmancheri,2,4,3,2
20.0,570,Under Construction,1,1.0,Thirumalpur,1,1,1,1
53.0,1012,Ready to move,2,2.0,Ambattur,1,2,2,2
40.0,588,Under Construction,2,1.0,Pallavaram,1,1,2,1
85.0,1337,Ready to move,3,3.0,Gowrivakkam,2,3,3,3
56.0,913,Ready to move,2,2.0,Kovur,1,2,2,2
51.0,1225,Ready to move,3,2.0,Moolacheri,1,3,3,2
48.0,832,Ready to move,2,2.0,Mangadu,1,2,2,2
64.0,959,Under Construction,2,2.0,Porur,1,2,2,2
70.0,1370,Under Construction,3,2.0,Ayanambakkam,2,3,3,2
40.0,930,Under Construction,2,2.0,Siruseri,1,2,2,2
26.0,571,Ready to move,2,2.0,Kelambakkam,1,1,2,2
35.0,994,Under Construction,2,2.0,Kelambakkam,1,2,2,2
97.0,1598,Under Construction,3,2.0,Sholinganallur,2,4,3,2
80.0,1156,Ready to move,2,2.0,Medavakkam,2,3,2,2
23.0,620,Under Construction,1,1.0,Thirumalpur,1,1,1,1
16.0,480,Ready to move,1,1.0,Guduvancheri,1,1,1,1
68.0,1024,Ready to move,2,2.0,Karapakkam,2,2,2,2
40.0,588,Under Construction,1,1.0,Vanagaram,1,1,1,1
85.0,1300,Ready to move,2,2.0,Pallavaram,2,3,2,2
22.0,600,Ready to move,1,2.0,Veppampattu,1,1,1,2
28.0,850,Ready to move,2,2.0,Veppampattu,1,2,2,2
43.52,1262,Under Construction,3,3.0,Kelambakkam,1,3,3,3
214.0,1935,Under Construction,3,3.0,Perungudi,3,4,3,3
199.0,1793,Under Construction,3,2.0,Perungudi,3,4,3,2
26.0,700,Ready to move,2,2.0,Veppampattu,1,1,2,2
27.0,725,Ready to move,2,2.0,Veppampattu,1,1,2,2
60.0,1500,Ready to move,3,2.0,Maraimalai Nagar,1,3,3,2
62.0,1433,Ready to move,3,2.0,Maraimalai Nagar,1,3,3,2
57.0,1478,Ready to move,3,2.0,Mahindra World City,1,3,3,2
29.5,623,Ready to move,1,1.0,Mahindra World City,1,1,1,1
86.0,1927,Ready to move,3,3.0,Oragadam Industrial Corridor,2,4,3,3
78.0,1706,Ready to move,3,3.0,Oragadam Industrial Corridor,2,4,3,3
59.0,1437,Ready to move,2,2.0,Oragadam Industrial Corridor,1,3,2,2
87.0,1991,Ready to move,3,3.0,Oragadam Industrial Corridor,2,4,3,3
120.0,1896,Ready to move,4,3.0,Thaiyur,2,4,4,3
47.33,1246,Under Construction,3,2.0,Thaiyur,1,3,3,2
78.52,837,Ready to move,2,2.0,East Tambaram,2,2,2,2
86.0,1010,Ready to move,2,2.0,Velachery,2,2,2,2
450.0,3000,Ready to move,3,4.0,Velachery,4,5,3,4
230.0,1755,Under Construction,3,3.0,Adyar,3,4,3,3
63.5,1312,Ready to move,2,2.0,Kattupakkam,1,3,2,2
95.0,1564,Ready to move,2,3.0,Karapakkam,2,4,2,3
69.0,1419,Ready to move,3,3.0,Kattupakkam,2,3,3,3
25.85,650,Ready to move,2,2.0,Veppampattu,1,1,2,2
25.9,650,Ready to move,2,2.0,Veppampattu,1,1,2,2
26.5,700,Ready to move,2,2.0,Veppampattu,1,1,2,2
26.0,650,Ready to move,2,2.0,Veppampattu,1,1,2,2
18.0,599,Ready to move,1,2.0,Veppampattu,1,1,1,2
42.0,762,Under Construction,2,2.0,Navallur,1,1,2,2
70.0,1024,Ready to move,2,2.0,Karapakkam,2,2,2,2
244.0,1574,Ready to move,3,2.0,T Nagar,3,4,3,2
37.34,770,Under Construction,2,2.0,Ragavendra Colony,1,1,2,2
42.19,870,Under Construction,2,2.0,Ambattur,1,2,2,2
41.12,848,Under Construction,2,2.0,Ragavendra Colony,1,2,2,2
42.19,870,Under Construction,2,2.0,Ragavendra Colony,1,2,2,2
37.34,770,Under Construction,2,2.0,Ragavendra Colony,1,1,2,2
42.19,870,Under Construction,2,2.0,Ambattur INDUSTRIAL ESTATE,1,2,2,2
37.34,770,Under Construction,2,2.0,Ambattur,1,1,2,2
41.12,848,Under Construction,2,2.0,Ragavendra Colony,1,2,2,2
42.19,870,Under Construction,2,2.0,Ragavendra Colony,1,2,2,2
25.0,749,Ready to move,2,2.0,Veppampattu,1,1,2,2
25.0,755,Ready to move,2,2.0,Veppampattu,1,1,2,2
28.9,920,Ready to move,2,2.0,Veppampattu,1,2,2,2
31.25,950,Ready to move,2,2.0,Veppampattu,1,2,2,2
25.0,755,Ready to move,2,2.0,Veppampattu,1,1,2,2
28.9,920,Ready to move,2,2.0,Veppampattu,1,2,2,2
31.25,950,Ready to move,2,2.0,Veppampattu,1,2,2,2
22.25,603,Ready to move,1,2.0,Veppampattu,1,1,1,2
34.5,1050,Ready to move,2,2.0,Veppampattu,1,2,2,2
27.0,812,Ready to move,2,2.0,Veppampattu,1,1,2,2
18.99,611,Ready to move,1,2.0,Veppampattu,1,1,1,2
65.7,1096,Under Construction,3,2.0,Keelkattalai,1,2,3,2
88.92,1588,Under Construction,3,2.0,Sholinganallur,2,4,3,2
62.0,1020,Under Construction,2,2.0,Keelkattalai,1,2,2,2
45.0,700,Under Construction,2,2.0,Mannivakkam,1,1,2,2
45.0,800,Under Construction,2,2.0,Ottiyabakkam,1,1,2,2
50.0,1050,Ready to move,2,2.0,Chromepet,1,2,2,2
31.0,650,Ready to move,2,2.0,Pammal,1,1,2,2
90.0,1700,Under Construction,3,3.0,Pammal,2,4,3,3
23.0,500,Ready to move,2,2.0,Pammal,1,1,2,2
31.0,650,Ready to move,2,2.0,Pammal,1,1,2,2
85.0,1300,Under Construction,3,3.0,Pammal,2,3,3,3
22.0,500,Ready to move,1,1.0,Pammal,1,1,1,1
90.0,1900,Under Construction,3,3.0,Pammal,2,4,3,3
72.0,1300,Ready to move,3,3.0,Pammal,2,3,3,3
90.0,1700,Under Construction,3,3.0,Pammal,2,4,3,3
23.0,500,Ready to move,2,2.0,Pammal,1,1,2,2
22.0,500,Under Construction,1,1.0,Pammal,1,1,1,1
22.0,500,Under Construction,2,2.0,Pammal,1,1,2,2
65.0,1400,Under Construction,3,3.0,Pammal,1,3,3,3
69.0,1000,Ready to move,2,2.0,Iyyappanthangal,2,2,2,2
170.0,1750,Ready to move,4,3.0,Valasaravakkam,3,4,4,3
26.8,700,Ready to move,2,2.0,Veppampattu,1,1,2,2
22.8,600,Ready to move,2,2.0,Veppampattu,1,1,2,2
26.75,700,Ready to move,2,2.0,Veppampattu,1,1,2,2
42.19,870,Under Construction,2,2.0,Ambattur INDUSTRIAL ESTATE,1,2,2,2
40.44,834,Under Construction,2,2.0,Ambattur INDUSTRIAL ESTATE,1,2,2,2
41.12,848,Under Construction,2,2.0,Ambattur INDUSTRIAL ESTATE,1,2,2,2
42.19,870,Under Construction,2,2.0,Ambattur,1,2,2,2
37.34,770,Under Construction,2,2.0,Ambattur,1,1,2,2
42.19,870,Under Construction,2,2.0,Ambattur,1,2,2,2
42.19,870,Under Construction,2,2.0,Ambattur INDUSTRIAL ESTATE,1,2,2,2
40.44,834,Under Construction,2,2.0,Ambattur INDUSTRIAL ESTATE,1,2,2,2
41.12,848,Under Construction,2,2.0,Ambattur INDUSTRIAL ESTATE,1,2,2,2
37.35,770,Under Construction,2,2.0,Ambattur INDUSTRIAL ESTATE,1,1,2,2
108.0,1065,Ready to move,2,2.0,Porur,2,2,2,2
108.0,1065,Ready to move,2,2.0,Saligramam,2,2,2,2
108.0,1065,Ready to move,2,2.0,Saligramam,2,2,2,2
108.0,1065,Ready to move,2,2.0,Porur,2,2,2,2
65.0,638,Ready to move,2,1.0,Vadapalani,1,1,2,1
75.0,1791,Ready to move,3,3.0,Kelambakkam,2,4,3,3
320.0,2130,Ready to move,3,3.0,Anna Nagar,4,4,3,3
75.0,1700,Ready to move,4,3.0,Kattupakkam,2,4,4,3
104.0,1329,Ready to move,2,2.0,Sholinganallur,2,3,2,2
57.88,1220,Under Construction,2,2.0,Kil Ayanambakkam,1,3,2,2
37.34,770,Under Construction,2,2.0,Ambattur,1,1,2,2
40.44,834,Under Construction,2,2.0,Ambattur,1,2,2,2
41.12,848,Under Construction,2,2.0,Ambattur,1,2,2,2
42.19,870,Under Construction,2,2.0,Ambattur,1,2,2,2
37.34,770,Under Construction,2,2.0,Ambattur,1,1,2,2
37.35,770,Under Construction,2,2.0,Ambattur INDUSTRIAL ESTATE,1,1,2,2
40.44,834,Under Construction,2,2.0,Ambattur INDUSTRIAL ESTATE,1,2,2,2
40.44,834,Under Construction,2,2.0,Ambattur,1,2,2,2
40.44,834,Under Construction,2,2.0,Ragavendra Colony,1,2,2,2
42.0,800,Under Construction,2,2.0,Ottiyabakkam,1,1,2,2
321.0,2380,Ready to move,3,3.0,Adyar,4,5,3,3
323.0,1850,Under Construction,3,3.0,Alwarpet,4,4,3,3
205.0,1283,Ready to move,3,3.0,Anna Nagar,3,3,3,3
334.0,1860,Under Construction,3,3.0,Besant Nagar,4,4,3,3
295.0,1641,Under Construction,3,3.0,Besant Nagar,4,4,3,3
215.0,1930,Under Construction,3,3.0,Perungudi,3,4,3,3
95.0,1250,Ready to move,3,3.0,Valasaravakkam,2,3,3,3
76.0,1085,Under Construction,3,3.0,Porur,2,2,3,3
88.0,1062,Under Construction,2,2.0,Mogappair,2,2,2,2
73.71,1031,Under Construction,2,2.0,Selaiyur,2,2,2,2
44.0,898,Under Construction,2,2.0,Iyappanthangal,1,2,2,2
340.0,2030,Under Construction,4,3.0,T Nagar,4,4,4,3
219.0,1310,Under Construction,3,3.0,T Nagar,3,3,3,3
27.5,800,Ready to move,2,2.0,Veppampattu,1,1,2,2
27.5,800,Ready to move,2,2.0,Veppampattu,1,1,2,2
29.5,800,Ready to move,2,2.0,Veppampattu,1,1,2,2
30.0,800,Ready to move,2,2.0,Veppampattu,1,1,2,2
27.5,750,Ready to move,2,2.0,Veppampattu,1,1,2,2
27.0,800,Ready to move,2,2.0,Veppampattu,1,1,2,2
27.5,750,Ready to move,2,2.0,Veppampattu,1,1,2,2
27.5,750,Ready to move,2,2.0,Veppampattu,1,1,2,2
30.0,800,Ready to move,2,2.0,Veppampattu,1,1,2,2
31.5,850,Ready to move,2,2.0,Veppampattu,1,2,2,2
34.0,900,Ready to move,2,2.0,Veppampattu,1,2,2,2
